Workbook

Sheet Instrucciones
B2: PLANTILLA DE VALIDACIÓN DE REQUISITOS
B3: Detección de ambigüedades en User Stories + Criterios de Aceptación BDD (antes de codificar)
B5: Proyecto / Curso: | C5: INGENIERIA DE REQUISITOS
B6: Responsable de validación: | C6: Anthony Joel Romero Yaguana
B7: Fecha: | C7: 10/07/2026
B8: Versión de la plantilla: | C8: 1.0
B9: Marco de referencia: | C9: ISO/IEC/IEEE 29148:2018 · BDD (Given–When–Then) · INVEST
B11: OBJETIVO
B12: Proporcionar un instrumento estructurado para validar la calidad de las user stories, detectar ambigüedades (semánticas, funcionales, temporales y de alcance) y verificar que cada historia cuente con criterios de aceptación BDD verificables ANTES de iniciar la codificación. Con ello se reduce el retrabajo, se mejora la trazabilidad y se alinea el equipo en torno a un lenguaje común (lenguaje ubicuo).
B14: CÓMO USAR ESTA PLANTILLA
B15: 1. Checklist Ambigüedades | C15: Evalúe cada user story frente a los ítems del checklist. Marque el Estado (✓ Cumple / ✗ No cumple / N/A) usando la lista desplegable. Registre hallazgos y la reescritura sugerida.
B16: 2. Guía BDD | C16: Consulte la guía rápida para redactar criterios de aceptación en formato Given–When–Then. Incluye plantilla, ejemplos correctos/incorrectos y una checklist de calidad de escenarios.
B17: 3. Registro de Validación | C17: Consolide el veredicto por historia (Aprobada / Aprobada con observaciones / Rechazada). El tablero calcula automáticamente el estado del backlog.
B18: Regla de oro | C18: Ninguna historia debe pasar a desarrollo (Definition of Ready) sin: (a) cero ambigüedades críticas y (b) al menos un escenario BDD verificable.
B20: LEYENDA DE ESTADOS
B21: ✓ Cumple | C21: El criterio se satisface plenamente.
B22: ✗ No cumple | C22: Se detecta una ambigüedad o deficiencia que debe corregirse.
B23: ⚠ Revisar | C23: Requiere aclaración o depende de otra decisión.
B24: N/A | C24: No aplica a esta historia.

Sheet Guía BDD
B2: GUÍA RÁPIDA — CRITERIOS DE ACEPTACIÓN BDD
B3: Behavior-Driven Development · Estructura Given–When–Then (Dado–Cuando–Entonces)
B5: 1. ESTRUCTURA (Gherkin)
B6: Given (Dado) | C6: Contexto / precondición: el estado del sistema antes de la acción.
B7: When (Cuando) | C7: El evento o acción que dispara el comportamiento a validar.
B8: Then (Entonces) | C8: El resultado observable y verificable que debe cumplirse.
B9: And / But (Y / Pero) | C9: Encadena condiciones o resultados adicionales dentro de cualquier bloque.
B11: 2. PLANTILLA REUTILIZABLE
B12: Escenario: <título breve y descriptivo del comportamiento> Dado <precondición / contexto inicial> Y <precondición adicional, si aplica> Cuando <acción o evento que ejecuta el usuario/sistema> Entonces <resultado esperado, observable y medible> Y <resultado adicional / efecto secundario verificable>
B20: 3. EJEMPLO: DE AMBIGUO A VERIFICABLE
B21: User Story | C21: ✗ Criterio ambiguo (mal) | D21: ✓ Criterio BDD verificable (bien)
B22: Como cliente, quiero recuperar mi contraseña para volver a ingresar a mi cuenta. | C22: El sistema debe permitir recuperar la contraseña de forma rápida y sencilla. (No define disparador, tiempo, ni resultado verificable.) | D22: Escenario: Recuperación con correo registrado Dado que el cliente tiene una cuenta con el correo 'ana@mail.com' Cuando solicita recuperar su contraseña con ese correo Entonces el sistema envía un enlace de restablecimiento en menos de 60 segundos Y el enlace expira a los 15 minutos Escenario: Correo no registrado Dado que el correo 'x@mail.com' no existe Cuando el cliente solicita recuperación Entonces se muestra 'Si el correo existe, enviaremos instrucciones' sin revelar si está registrado
B24: 4. CHECKLIST DE CALIDAD DEL ESCENARIO (antes de codificar)
B25: OK | C25: Criterio de calidad
B26: ☐ | C26: Cada escenario valida UN solo comportamiento (atómico).
B27: ☐ | C27: El resultado en 'Entonces' es observable y medible (sin ambigüedad).
B28: ☐ | C28: Se cubre al menos un camino feliz y un camino alterno/negativo.
B29: ☐ | C29: No hay detalles de implementación (describe QUÉ, no CÓMO).
B30: ☐ | C30: Usa el lenguaje ubicuo del dominio (términos del glosario).
B31: ☐ | C31: Los datos de ejemplo son concretos (valores reales, no 'algún dato').
B32: ☐ | C32: Es independiente: no depende del orden de ejecución de otros escenarios.
B33: ☐ | C33: Es automatizable (se puede traducir a una prueba).
B34: ☐ | C34: Cubre precondiciones de tiempo/estado cuando aplica (temporalidad).
B35: ☐ | C35: El alcance del escenario coincide con el de la user story (sin desbordarse).

Sheet CHK-US-001
B2: CHECKLIST DE DETECCIÓN DE AMBIGÜEDADES EN USER STORIES
B3: ID de la User Story: | D3: US-001 | E3: Evaluador: | G3: Anthony Joel Romero Yaguana
B4: Historia (Como <rol>, quiero <objetivo>, para <beneficio>):
B5: Como Analista de Triaje, quiero registrar un nuevo caso de Apelación, Queja o Reclamación consolidando automáticamente los datos disponibles, para iniciar su gestión con información completa desde el primer momento.
B7: # | C7: Aspecto a verificar | D7: Pregunta guía / criterio | E7: Estado | F7: Hallazgo detectado | G7: Reescritura sugerida
B8: AMBIGÜEDAD SEMÁNTICA
B9: 1 | C9: Términos vagos / subjetivos | D9: ¿Se evitan palabras como 'rápido', 'fácil', 'amigable', 'eficiente', 'intuitivo', 'óptimo' sin métrica? | E9: ✓ Cumple
B10: 2 | C10: Lenguaje ubicuo | D10: ¿Los términos del dominio están definidos en un glosario y se usan de forma consistente? | E10: ⚠ Revisar | F10: No se anexa un glosario formal de términos del dominio (caso, triaje, SLA, clasificación, confiabilidad, etc.); los términos se usan de forma consistente pero sin definición central. | G10: Anexar/referenciar un glosario de dominio compartido por todas las historias del backlog.
B11: 3 | C11: Sinónimos / homónimos | D11: ¿Un mismo concepto se nombra siempre igual? ¿Un término no tiene dos significados? | E11: ✓ Cumple
B12: 4 | C12: Pronombres sin referente | D12: ¿Se evita 'esto', 'eso', 'lo anterior' sin un sujeto claro? | E12: ✓ Cumple
B13: 5 | C13: Adjetivos cuantificables | D13: ¿Los calificativos ('grande', 'muchos', 'suficiente') se expresan con números o rangos? | E13: ✓ Cumple
B14: AMBIGÜEDAD FUNCIONAL
B15: 6 | C15: Acción única y clara | D15: ¿La historia describe una sola capacidad? ¿Se evita el 'y/o' que oculta múltiples funciones? | E15: ✓ Cumple
B16: 7 | C16: Actor identificado | D16: ¿Está claro QUIÉN ejecuta la acción y quién se beneficia? | E16: ✓ Cumple
B17: 8 | C17: Comportamiento esperado | D17: ¿Se especifica el resultado observable de la acción (no solo la intención)? | E17: ✓ Cumple
B18: 9 | C18: Manejo de errores / excepciones | D18: ¿Se describen los caminos alternos y qué ocurre ante entradas inválidas? | E18: ✓ Cumple
B19: 10 | C19: Reglas de negocio explícitas | D19: ¿Las validaciones, cálculos y condiciones están declaradas y no supuestas? | E19: ✓ Cumple
B20: 11 | C20: Dependencias funcionales | D20: ¿Se identifican precondiciones o historias de las que depende? | E20: ✓ Cumple
B21: AMBIGÜEDAD TEMPORAL
B22: 12 | C22: Momento / disparador | D22: ¿Está claro CUÁNDO ocurre la acción (evento, condición o frecuencia)? | E22: ✓ Cumple
B23: 13 | C23: Orden y secuencia | D23: ¿Se define el orden de los pasos cuando importa la secuencia? | E23: ✓ Cumple
B24: 14 | C24: Plazos y tiempos de respuesta | D24: ¿Se cuantifican tiempos, timeouts, SLA o vigencias ('en X segundos', 'hasta las 23:59')? | E24: N/A
B25: 15 | C25: Estados y transiciones | D25: ¿Se describen los estados del objeto y las transiciones válidas entre ellos? | E25: N/A
B26: 16 | C26: Concurrencia / simultaneidad | D26: ¿Se contempla qué pasa si varios usuarios/procesos actúan a la vez? | E26: ⚠ Revisar | F26: No se contempla qué ocurre si dos analistas registran simultáneamente casos que resultarán duplicados. | G26: Agregar: 'Dado que dos analistas registran casos simultáneamente que resultan duplicados, entonces el sistema aplica la detección de duplicados de US-007 sobre ambos.'
B27: AMBIGÜEDAD DE ALCANCE
B28: 17 | C28: Límites (in/out of scope) | D28: ¿Se declara explícitamente qué queda FUERA del alcance de la historia? | E28: ⚠ Revisar | F28: La historia no declara explícitamente qué queda fuera de su alcance. | G28: Agregar una sección 'Fuera de alcance' que indique explícitamente las funcionalidades excluidas.
B29: 18 | C29: Tamaño / granularidad (INVEST) | D29: ¿La historia es lo bastante pequeña para completarse en un sprint? ¿Es divisible? | E29: ✓ Cumple
B30: 19 | C30: Datos y volúmenes | D30: ¿Se acotan cantidades, límites de registros, formatos y rangos de datos? | E30: N/A
B31: 20 | C31: Roles y permisos afectados | D31: ¿Se delimita a qué perfiles/roles aplica y a cuáles no? | E31: ✓ Cumple
B32: 21 | C32: Plataformas / entornos | D32: ¿Se especifican dispositivos, navegadores, idiomas o entornos cubiertos? | E32: ⚠ Revisar | F32: No se especifican dispositivos, navegadores, resoluciones o idiomas soportados para esta funcionalidad. | G32: Definir explícitamente los entornos soportados (navegador de escritorio, resolución mínima, idioma único: español).
B33: 22 | C33: Criterios medibles / testables | D33: ¿Cada afirmación puede verificarse objetivamente con una prueba? | E33: ✓ Cumple
B35: Ítems 'No cumple' (críticos): | D35: =COUNTIF(E8:E33,"✗ No cumple") -> 0
B36: Ítems 'Revisar': | D36: =COUNTIF(E8:E33,"⚠ Revisar") -> 4
B37: VEREDICTO (Definition of Ready): | D37: =IF(D35>0,"RECHAZADA - corregir ambigüedades críticas",IF(D36>0,"APROBADA CON OBSERVACIONES - aclarar pendientes","APROBADA - lista para BDD")) -> APROBADA CON OBSERVACIONES - aclarar pendientes

Sheet CHK-US-002
B2: CHECKLIST DE DETECCIÓN DE AMBIGÜEDADES EN USER STORIES
B3: ID de la User Story: | D3: US-002 | E3: Evaluador: | G3: Anthony Joel Romero Yaguana
B4: Historia (Como <rol>, quiero <objetivo>, para <beneficio>):
B5: Como Analista de Triaje, quiero localizar y filtrar los casos A&G según mis permisos, para ubicar rápidamente el caso que necesito atender.
B7: # | C7: Aspecto a verificar | D7: Pregunta guía / criterio | E7: Estado | F7: Hallazgo detectado | G7: Reescritura sugerida
B8: AMBIGÜEDAD SEMÁNTICA
B9: 1 | C9: Términos vagos / subjetivos | D9: ¿Se evitan palabras como 'rápido', 'fácil', 'amigable', 'eficiente', 'intuitivo', 'óptimo' sin métrica? | E9: ⚠ Revisar | F9: El beneficio de la historia usa 'rápidamente' sin métrica ('para ubicar rápidamente el caso'). | G9: Reemplazar por: 'para ubicar el caso en menos de 5 segundos desde la aplicación del filtro o búsqueda'.
B10: 2 | C10: Lenguaje ubicuo | D10: ¿Los términos del dominio están definidos en un glosario y se usan de forma consistente? | E10: ⚠ Revisar | F10: No se anexa un glosario formal de términos del dominio (caso, triaje, SLA, clasificación, confiabilidad, etc.); los términos se usan de forma consistente pero sin definición central. | G10: Anexar/referenciar un glosario de dominio compartido por todas las historias del backlog.
B11: 3 | C11: Sinónimos / homónimos | D11: ¿Un mismo concepto se nombra siempre igual? ¿Un término no tiene dos significados? | E11: ✓ Cumple
B12: 4 | C12: Pronombres sin referente | D12: ¿Se evita 'esto', 'eso', 'lo anterior' sin un sujeto claro? | E12: ✓ Cumple
B13: 5 | C13: Adjetivos cuantificables | D13: ¿Los calificativos ('grande', 'muchos', 'suficiente') se expresan con números o rangos? | E13: ✓ Cumple
B14: AMBIGÜEDAD FUNCIONAL
B15: 6 | C15: Acción única y clara | D15: ¿La historia describe una sola capacidad? ¿Se evita el 'y/o' que oculta múltiples funciones? | E15: ✓ Cumple
B16: 7 | C16: Actor identificado | D16: ¿Está claro QUIÉN ejecuta la acción y quién se beneficia? | E16: ✓ Cumple
B17: 8 | C17: Comportamiento esperado | D17: ¿Se especifica el resultado observable de la acción (no solo la intención)? | E17: ✓ Cumple
B18: 9 | C18: Manejo de errores / excepciones | D18: ¿Se describen los caminos alternos y qué ocurre ante entradas inválidas? | E18: ✓ Cumple
B19: 10 | C19: Reglas de negocio explícitas | D19: ¿Las validaciones, cálculos y condiciones están declaradas y no supuestas? | E19: ✓ Cumple
B20: 11 | C20: Dependencias funcionales | D20: ¿Se identifican precondiciones o historias de las que depende? | E20: ✓ Cumple
B21: AMBIGÜEDAD TEMPORAL
B22: 12 | C22: Momento / disparador | D22: ¿Está claro CUÁNDO ocurre la acción (evento, condición o frecuencia)? | E22: ✓ Cumple
B23: 13 | C23: Orden y secuencia | D23: ¿Se define el orden de los pasos cuando importa la secuencia? | E23: ✓ Cumple
B24: 14 | C24: Plazos y tiempos de respuesta | D24: ¿Se cuantifican tiempos, timeouts, SLA o vigencias ('en X segundos', 'hasta las 23:59')? | E24: ⚠ Revisar | F24: No se define un tiempo máximo de respuesta para la búsqueda o el filtrado de casos. | G24: Agregar: 'Entonces el sistema muestra los resultados en menos de X segundos.'
B25: 15 | C25: Estados y transiciones | D25: ¿Se describen los estados del objeto y las transiciones válidas entre ellos? | E25: N/A
B26: 16 | C26: Concurrencia / simultaneidad | D26: ¿Se contempla qué pasa si varios usuarios/procesos actúan a la vez? | E26: N/A
B27: AMBIGÜEDAD DE ALCANCE
B28: 17 | C28: Límites (in/out of scope) | D28: ¿Se declara explícitamente qué queda FUERA del alcance de la historia? | E28: ⚠ Revisar | F28: La historia no declara explícitamente qué queda fuera de su alcance. | G28: Agregar una sección 'Fuera de alcance' que indique explícitamente las funcionalidades excluidas.
B29: 18 | C29: Tamaño / granularidad (INVEST) | D29: ¿La historia es lo bastante pequeña para completarse en un sprint? ¿Es divisible? | E29: ✓ Cumple
B30: 19 | C30: Datos y volúmenes | D30: ¿Se acotan cantidades, límites de registros, formatos y rangos de datos? | E30: ⚠ Revisar | F30: No se acota el número máximo de resultados mostrados ni el comportamiento de paginación. | G30: Definir: 'El listado se pagina de X en X registros' o límite equivalente.
B31: 20 | C31: Roles y permisos afectados | D31: ¿Se delimita a qué perfiles/roles aplica y a cuáles no? | E31: ✓ Cumple
B32: 21 | C32: Plataformas / entornos | D32: ¿Se especifican dispositivos, navegadores, idiomas o entornos cubiertos? | E32: ⚠ Revisar | F32: No se especifican dispositivos, navegadores, resoluciones o idiomas soportados para esta funcionalidad. | G32: Definir explícitamente los entornos soportados (navegador de escritorio, resolución mínima, idioma único: español).
B33: 22 | C33: Criterios medibles / testables | D33: ¿Cada afirmación puede verificarse objetivamente con una prueba? | E33: ✓ Cumple
B35: Ítems 'No cumple' (críticos): | D35: =COUNTIF(E8:E33,"✗ No cumple") -> 0
B36: Ítems 'Revisar': | D36: =COUNTIF(E8:E33,"⚠ Revisar") -> 6
B37: VEREDICTO (Definition of Ready): | D37: =IF(D35>0,"RECHAZADA - corregir ambigüedades críticas",IF(D36>0,"APROBADA CON OBSERVACIONES - aclarar pendientes","APROBADA - lista para BDD")) -> APROBADA CON OBSERVACIONES - aclarar pendientes

Sheet CHK-US-003
B2: CHECKLIST DE DETECCIÓN DE AMBIGÜEDADES EN USER STORIES
B3: ID de la User Story: | D3: US-003 | E3: Evaluador: | G3: Anthony Joel Romero Yaguana
B4: Historia (Como <rol>, quiero <objetivo>, para <beneficio>):
B5: Como Analista de Triaje, quiero actualizar o corregir la información de un caso en estado editable, para mantener los datos precisos durante su gestión.
B7: # | C7: Aspecto a verificar | D7: Pregunta guía / criterio | E7: Estado | F7: Hallazgo detectado | G7: Reescritura sugerida
B8: AMBIGÜEDAD SEMÁNTICA
B9: 1 | C9: Términos vagos / subjetivos | D9: ¿Se evitan palabras como 'rápido', 'fácil', 'amigable', 'eficiente', 'intuitivo', 'óptimo' sin métrica? | E9: ✓ Cumple
B10: 2 | C10: Lenguaje ubicuo | D10: ¿Los términos del dominio están definidos en un glosario y se usan de forma consistente? | E10: ⚠ Revisar | F10: No se anexa un glosario formal de términos del dominio (caso, triaje, SLA, clasificación, confiabilidad, etc.); los términos se usan de forma consistente pero sin definición central. | G10: Anexar/referenciar un glosario de dominio compartido por todas las historias del backlog.
B11: 3 | C11: Sinónimos / homónimos | D11: ¿Un mismo concepto se nombra siempre igual? ¿Un término no tiene dos significados? | E11: ✓ Cumple
B12: 4 | C12: Pronombres sin referente | D12: ¿Se evita 'esto', 'eso', 'lo anterior' sin un sujeto claro? | E12: ✓ Cumple
B13: 5 | C13: Adjetivos cuantificables | D13: ¿Los calificativos ('grande', 'muchos', 'suficiente') se expresan con números o rangos? | E13: ✓ Cumple
B14: AMBIGÜEDAD FUNCIONAL
B15: 6 | C15: Acción única y clara | D15: ¿La historia describe una sola capacidad? ¿Se evita el 'y/o' que oculta múltiples funciones? | E15: ✓ Cumple
B16: 7 | C16: Actor identificado | D16: ¿Está claro QUIÉN ejecuta la acción y quién se beneficia? | E16: ✓ Cumple
B17: 8 | C17: Comportamiento esperado | D17: ¿Se especifica el resultado observable de la acción (no solo la intención)? | E17: ✓ Cumple
B18: 9 | C18: Manejo de errores / excepciones | D18: ¿Se describen los caminos alternos y qué ocurre ante entradas inválidas? | E18: ✓ Cumple
B19: 10 | C19: Reglas de negocio explícitas | D19: ¿Las validaciones, cálculos y condiciones están declaradas y no supuestas? | E19: ✓ Cumple
B20: 11 | C20: Dependencias funcionales | D20: ¿Se identifican precondiciones o historias de las que depende? | E20: ✓ Cumple
B21: AMBIGÜEDAD TEMPORAL
B22: 12 | C22: Momento / disparador | D22: ¿Está claro CUÁNDO ocurre la acción (evento, condición o frecuencia)? | E22: ✓ Cumple
B23: 13 | C23: Orden y secuencia | D23: ¿Se define el orden de los pasos cuando importa la secuencia? | E23: ✓ Cumple
B24: 14 | C24: Plazos y tiempos de respuesta | D24: ¿Se cuantifican tiempos, timeouts, SLA o vigencias ('en X segundos', 'hasta las 23:59')? | E24: N/A
B25: 15 | C25: Estados y transiciones | D25: ¿Se describen los estados del objeto y las transiciones válidas entre ellos? | E25: ✓ Cumple
B26: 16 | C26: Concurrencia / simultaneidad | D26: ¿Se contempla qué pasa si varios usuarios/procesos actúan a la vez? | E26: ⚠ Revisar | F26: No se define qué ocurre si dos usuarios intentan editar el mismo caso simultáneamente. | G26: Agregar: 'Dado que dos usuarios editan el mismo caso a la vez, entonces el sistema aplica bloqueo optimista/pesimista y notifica el conflicto.'
B27: AMBIGÜEDAD DE ALCANCE
B28: 17 | C28: Límites (in/out of scope) | D28: ¿Se declara explícitamente qué queda FUERA del alcance de la historia? | E28: ⚠ Revisar | F28: La historia no declara explícitamente qué queda fuera de su alcance. | G28: Agregar una sección 'Fuera de alcance' que indique explícitamente las funcionalidades excluidas.
B29: 18 | C29: Tamaño / granularidad (INVEST) | D29: ¿La historia es lo bastante pequeña para completarse en un sprint? ¿Es divisible? | E29: ✓ Cumple
B30: 19 | C30: Datos y volúmenes | D30: ¿Se acotan cantidades, límites de registros, formatos y rangos de datos? | E30: N/A
B31: 20 | C31: Roles y permisos afectados | D31: ¿Se delimita a qué perfiles/roles aplica y a cuáles no? | E31: ✓ Cumple
B32: 21 | C32: Plataformas / entornos | D32: ¿Se especifican dispositivos, navegadores, idiomas o entornos cubiertos? | E32: ⚠ Revisar | F32: No se especifican dispositivos, navegadores, resoluciones o idiomas soportados para esta funcionalidad. | G32: Definir explícitamente los entornos soportados (navegador de escritorio, resolución mínima, idioma único: español).
B33: 22 | C33: Criterios medibles / testables | D33: ¿Cada afirmación puede verificarse objetivamente con una prueba? | E33: ✓ Cumple
B35: Ítems 'No cumple' (críticos): | D35: =COUNTIF(E8:E33,"✗ No cumple") -> 0
B36: Ítems 'Revisar': | D36: =COUNTIF(E8:E33,"⚠ Revisar") -> 4
B37: VEREDICTO (Definition of Ready): | D37: =IF(D35>0,"RECHAZADA - corregir ambigüedades críticas",IF(D36>0,"APROBADA CON OBSERVACIONES - aclarar pendientes","APROBADA - lista para BDD")) -> APROBADA CON OBSERVACIONES - aclarar pendientes

Sheet CHK-US-004
B2: CHECKLIST DE DETECCIÓN DE AMBIGÜEDADES EN USER STORIES
B3: ID de la User Story: | D3: US-004 | E3: Evaluador: | G3: Anthony Joel Romero Yaguana
B4: Historia (Como <rol>, quiero <objetivo>, para <beneficio>):
B5: Como Analista de Triaje, quiero que el sistema clasifique automáticamente el caso registrado asignando categoría, subcategoría, prioridad y nivel de confiabilidad, para agilizar la categorización inicial sin depender únicamente del criterio manual.
B7: # | C7: Aspecto a verificar | D7: Pregunta guía / criterio | E7: Estado | F7: Hallazgo detectado | G7: Reescritura sugerida
B8: AMBIGÜEDAD SEMÁNTICA
B9: 1 | C9: Términos vagos / subjetivos | D9: ¿Se evitan palabras como 'rápido', 'fácil', 'amigable', 'eficiente', 'intuitivo', 'óptimo' sin métrica? | E9: ✓ Cumple
B10: 2 | C10: Lenguaje ubicuo | D10: ¿Los términos del dominio están definidos en un glosario y se usan de forma consistente? | E10: ⚠ Revisar | F10: No se anexa un glosario formal de términos del dominio (caso, triaje, SLA, clasificación, confiabilidad, etc.); los términos se usan de forma consistente pero sin definición central. | G10: Anexar/referenciar un glosario de dominio compartido por todas las historias del backlog.
B11: 3 | C11: Sinónimos / homónimos | D11: ¿Un mismo concepto se nombra siempre igual? ¿Un término no tiene dos significados? | E11: ✓ Cumple
B12: 4 | C12: Pronombres sin referente | D12: ¿Se evita 'esto', 'eso', 'lo anterior' sin un sujeto claro? | E12: ✓ Cumple
B13: 5 | C13: Adjetivos cuantificables | D13: ¿Los calificativos ('grande', 'muchos', 'suficiente') se expresan con números o rangos? | E13: ✓ Cumple
B14: AMBIGÜEDAD FUNCIONAL
B15: 6 | C15: Acción única y clara | D15: ¿La historia describe una sola capacidad? ¿Se evita el 'y/o' que oculta múltiples funciones? | E15: ✓ Cumple
B16: 7 | C16: Actor identificado | D16: ¿Está claro QUIÉN ejecuta la acción y quién se beneficia? | E16: ✓ Cumple
B17: 8 | C17: Comportamiento esperado | D17: ¿Se especifica el resultado observable de la acción (no solo la intención)? | E17: ✓ Cumple
B18: 9 | C18: Manejo de errores / excepciones | D18: ¿Se describen los caminos alternos y qué ocurre ante entradas inválidas? | E18: ✓ Cumple
B19: 10 | C19: Reglas de negocio explícitas | D19: ¿Las validaciones, cálculos y condiciones están declaradas y no supuestas? | E19: ✓ Cumple
B20: 11 | C20: Dependencias funcionales | D20: ¿Se identifican precondiciones o historias de las que depende? | E20: ✓ Cumple
B21: AMBIGÜEDAD TEMPORAL
B22: 12 | C22: Momento / disparador | D22: ¿Está claro CUÁNDO ocurre la acción (evento, condición o frecuencia)? | E22: ✓ Cumple
B23: 13 | C23: Orden y secuencia | D23: ¿Se define el orden de los pasos cuando importa la secuencia? | E23: ✓ Cumple
B24: 14 | C24: Plazos y tiempos de respuesta | D24: ¿Se cuantifican tiempos, timeouts, SLA o vigencias ('en X segundos', 'hasta las 23:59')? | E24: ⚠ Revisar | F24: No se define un tiempo máximo para que el motor de clasificación procese el caso. | G24: Agregar un SLA de procesamiento, por ejemplo: 'en menos de X segundos'.
B25: 15 | C25: Estados y transiciones | D25: ¿Se describen los estados del objeto y las transiciones válidas entre ellos? | E25: ✓ Cumple
B26: 16 | C26: Concurrencia / simultaneidad | D26: ¿Se contempla qué pasa si varios usuarios/procesos actúan a la vez? | E26: ⚠ Revisar | F26: No se contempla la clasificación concurrente de múltiples casos ni el orden de prioridad de procesamiento. | G26: Aclarar el comportamiento del motor ante picos de carga simultánea.
B27: AMBIGÜEDAD DE ALCANCE
B28: 17 | C28: Límites (in/out of scope) | D28: ¿Se declara explícitamente qué queda FUERA del alcance de la historia? | E28: ⚠ Revisar | F28: La historia no declara explícitamente qué queda fuera de su alcance. | G28: Agregar una sección 'Fuera de alcance' que indique explícitamente las funcionalidades excluidas.
B29: 18 | C29: Tamaño / granularidad (INVEST) | D29: ¿La historia es lo bastante pequeña para completarse en un sprint? ¿Es divisible? | E29: ⚠ Revisar | F29: Estimación de 8 puntos: evaluar si la historia es divisible (p. ej. separar 'motor de reglas' de 'motor NLP'). | G29: Considerar dividir en dos historias más pequeñas si el sprint no lo permite completar.
B30: 19 | C30: Datos y volúmenes | D30: ¿Se acotan cantidades, límites de registros, formatos y rangos de datos? | E30: ⚠ Revisar | F30: El umbral de confiabilidad se abstrajo a 'umbral configurado'; el valor concreto (0.75) solo aparece en la Épica EP-02. | G30: Referenciar explícitamente el valor o el documento de configuración (EP-02) desde la propia historia.
B31: 20 | C31: Roles y permisos afectados | D31: ¿Se delimita a qué perfiles/roles aplica y a cuáles no? | E31: ✓ Cumple
B32: 21 | C32: Plataformas / entornos | D32: ¿Se especifican dispositivos, navegadores, idiomas o entornos cubiertos? | E32: ⚠ Revisar | F32: No se especifican dispositivos, navegadores, resoluciones o idiomas soportados para esta funcionalidad. | G32: Definir explícitamente los entornos soportados (navegador de escritorio, resolución mínima, idioma único: español).
B33: 22 | C33: Criterios medibles / testables | D33: ¿Cada afirmación puede verificarse objetivamente con una prueba? | E33: ✓ Cumple
B35: Ítems 'No cumple' (críticos): | D35: =COUNTIF(E8:E33,"✗ No cumple") -> 0
B36: Ítems 'Revisar': | D36: =COUNTIF(E8:E33,"⚠ Revisar") -> 7
B37: VEREDICTO (Definition of Ready): | D37: =IF(D35>0,"RECHAZADA - corregir ambigüedades críticas",IF(D36>0,"APROBADA CON OBSERVACIONES - aclarar pendientes","APROBADA - lista para BDD")) -> APROBADA CON OBSERVACIONES - aclarar pendientes

Sheet CHK-US-005
B2: CHECKLIST DE DETECCIÓN DE AMBIGÜEDADES EN USER STORIES
B3: ID de la User Story: | D3: US-005 | E3: Evaluador: | G3: Anthony Joel Romero Yaguana
B4: Historia (Como <rol>, quiero <objetivo>, para <beneficio>):
B5: Como Analista de Triaje, quiero validar o corregir la clasificación automática del caso, para asegurar que la categorización final sea correcta antes de continuar con el proceso.
B7: # | C7: Aspecto a verificar | D7: Pregunta guía / criterio | E7: Estado | F7: Hallazgo detectado | G7: Reescritura sugerida
B8: AMBIGÜEDAD SEMÁNTICA
B9: 1 | C9: Términos vagos / subjetivos | D9: ¿Se evitan palabras como 'rápido', 'fácil', 'amigable', 'eficiente', 'intuitivo', 'óptimo' sin métrica? | E9: ✓ Cumple
B10: 2 | C10: Lenguaje ubicuo | D10: ¿Los términos del dominio están definidos en un glosario y se usan de forma consistente? | E10: ⚠ Revisar | F10: No se anexa un glosario formal de términos del dominio (caso, triaje, SLA, clasificación, confiabilidad, etc.); los términos se usan de forma consistente pero sin definición central. | G10: Anexar/referenciar un glosario de dominio compartido por todas las historias del backlog.
B11: 3 | C11: Sinónimos / homónimos | D11: ¿Un mismo concepto se nombra siempre igual? ¿Un término no tiene dos significados? | E11: ✓ Cumple
B12: 4 | C12: Pronombres sin referente | D12: ¿Se evita 'esto', 'eso', 'lo anterior' sin un sujeto claro? | E12: ✓ Cumple
B13: 5 | C13: Adjetivos cuantificables | D13: ¿Los calificativos ('grande', 'muchos', 'suficiente') se expresan con números o rangos? | E13: ✓ Cumple
B14: AMBIGÜEDAD FUNCIONAL
B15: 6 | C15: Acción única y clara | D15: ¿La historia describe una sola capacidad? ¿Se evita el 'y/o' que oculta múltiples funciones? | E15: ✓ Cumple
B16: 7 | C16: Actor identificado | D16: ¿Está claro QUIÉN ejecuta la acción y quién se beneficia? | E16: ✓ Cumple
B17: 8 | C17: Comportamiento esperado | D17: ¿Se especifica el resultado observable de la acción (no solo la intención)? | E17: ✓ Cumple
B18: 9 | C18: Manejo de errores / excepciones | D18: ¿Se describen los caminos alternos y qué ocurre ante entradas inválidas? | E18: ✓ Cumple
B19: 10 | C19: Reglas de negocio explícitas | D19: ¿Las validaciones, cálculos y condiciones están declaradas y no supuestas? | E19: ✓ Cumple
B20: 11 | C20: Dependencias funcionales | D20: ¿Se identifican precondiciones o historias de las que depende? | E20: ✓ Cumple
B21: AMBIGÜEDAD TEMPORAL
B22: 12 | C22: Momento / disparador | D22: ¿Está claro CUÁNDO ocurre la acción (evento, condición o frecuencia)? | E22: ✓ Cumple
B23: 13 | C23: Orden y secuencia | D23: ¿Se define el orden de los pasos cuando importa la secuencia? | E23: ✓ Cumple
B24: 14 | C24: Plazos y tiempos de respuesta | D24: ¿Se cuantifican tiempos, timeouts, SLA o vigencias ('en X segundos', 'hasta las 23:59')? | E24: N/A
B25: 15 | C25: Estados y transiciones | D25: ¿Se describen los estados del objeto y las transiciones válidas entre ellos? | E25: ✓ Cumple
B26: 16 | C26: Concurrencia / simultaneidad | D26: ¿Se contempla qué pasa si varios usuarios/procesos actúan a la vez? | E26: N/A
B27: AMBIGÜEDAD DE ALCANCE
B28: 17 | C28: Límites (in/out of scope) | D28: ¿Se declara explícitamente qué queda FUERA del alcance de la historia? | E28: ⚠ Revisar | F28: La historia no declara explícitamente qué queda fuera de su alcance. | G28: Agregar una sección 'Fuera de alcance' que indique explícitamente las funcionalidades excluidas.
B29: 18 | C29: Tamaño / granularidad (INVEST) | D29: ¿La historia es lo bastante pequeña para completarse en un sprint? ¿Es divisible? | E29: ✓ Cumple
B30: 19 | C30: Datos y volúmenes | D30: ¿Se acotan cantidades, límites de registros, formatos y rangos de datos? | E30: N/A
B31: 20 | C31: Roles y permisos afectados | D31: ¿Se delimita a qué perfiles/roles aplica y a cuáles no? | E31: ✓ Cumple
B32: 21 | C32: Plataformas / entornos | D32: ¿Se especifican dispositivos, navegadores, idiomas o entornos cubiertos? | E32: ⚠ Revisar | F32: No se especifican dispositivos, navegadores, resoluciones o idiomas soportados para esta funcionalidad. | G32: Definir explícitamente los entornos soportados (navegador de escritorio, resolución mínima, idioma único: español).
B33: 22 | C33: Criterios medibles / testables | D33: ¿Cada afirmación puede verificarse objetivamente con una prueba? | E33: ✓ Cumple
B35: Ítems 'No cumple' (críticos): | D35: =COUNTIF(E8:E33,"✗ No cumple") -> 0
B36: Ítems 'Revisar': | D36: =COUNTIF(E8:E33,"⚠ Revisar") -> 3
B37: VEREDICTO (Definition of Ready): | D37: =IF(D35>0,"RECHAZADA - corregir ambigüedades críticas",IF(D36>0,"APROBADA CON OBSERVACIONES - aclarar pendientes","APROBADA - lista para BDD")) -> APROBADA CON OBSERVACIONES - aclarar pendientes

Sheet CHK-US-006
B2: CHECKLIST DE DETECCIÓN DE AMBIGÜEDADES EN USER STORIES
B3: ID de la User Story: | D3: US-006 | E3: Evaluador: | G3: Anthony Joel Romero Yaguana
B4: Historia (Como <rol>, quiero <objetivo>, para <beneficio>):
B5: Como Analista de Triaje, quiero registrar de forma auditable el fundamento de mis decisiones de triaje, para sostener la trazabilidad exigida en auditorías regulatorias.
B7: # | C7: Aspecto a verificar | D7: Pregunta guía / criterio | E7: Estado | F7: Hallazgo detectado | G7: Reescritura sugerida
B8: AMBIGÜEDAD SEMÁNTICA
B9: 1 | C9: Términos vagos / subjetivos | D9: ¿Se evitan palabras como 'rápido', 'fácil', 'amigable', 'eficiente', 'intuitivo', 'óptimo' sin métrica? | E9: ✓ Cumple
B10: 2 | C10: Lenguaje ubicuo | D10: ¿Los términos del dominio están definidos en un glosario y se usan de forma consistente? | E10: ⚠ Revisar | F10: No se anexa un glosario formal de términos del dominio (caso, triaje, SLA, clasificación, confiabilidad, etc.); los términos se usan de forma consistente pero sin definición central. | G10: Anexar/referenciar un glosario de dominio compartido por todas las historias del backlog.
B11: 3 | C11: Sinónimos / homónimos | D11: ¿Un mismo concepto se nombra siempre igual? ¿Un término no tiene dos significados? | E11: ✓ Cumple
B12: 4 | C12: Pronombres sin referente | D12: ¿Se evita 'esto', 'eso', 'lo anterior' sin un sujeto claro? | E12: ✓ Cumple
B13: 5 | C13: Adjetivos cuantificables | D13: ¿Los calificativos ('grande', 'muchos', 'suficiente') se expresan con números o rangos? | E13: ✓ Cumple
B14: AMBIGÜEDAD FUNCIONAL
B15: 6 | C15: Acción única y clara | D15: ¿La historia describe una sola capacidad? ¿Se evita el 'y/o' que oculta múltiples funciones? | E15: ✓ Cumple
B16: 7 | C16: Actor identificado | D16: ¿Está claro QUIÉN ejecuta la acción y quién se beneficia? | E16: ✓ Cumple
B17: 8 | C17: Comportamiento esperado | D17: ¿Se especifica el resultado observable de la acción (no solo la intención)? | E17: ✓ Cumple
B18: 9 | C18: Manejo de errores / excepciones | D18: ¿Se describen los caminos alternos y qué ocurre ante entradas inválidas? | E18: ✓ Cumple
B19: 10 | C19: Reglas de negocio explícitas | D19: ¿Las validaciones, cálculos y condiciones están declaradas y no supuestas? | E19: ✓ Cumple
B20: 11 | C20: Dependencias funcionales | D20: ¿Se identifican precondiciones o historias de las que depende? | E20: ✓ Cumple
B21: AMBIGÜEDAD TEMPORAL
B22: 12 | C22: Momento / disparador | D22: ¿Está claro CUÁNDO ocurre la acción (evento, condición o frecuencia)? | E22: ✓ Cumple
B23: 13 | C23: Orden y secuencia | D23: ¿Se define el orden de los pasos cuando importa la secuencia? | E23: ✓ Cumple
B24: 14 | C24: Plazos y tiempos de respuesta | D24: ¿Se cuantifican tiempos, timeouts, SLA o vigencias ('en X segundos', 'hasta las 23:59')? | E24: N/A
B25: 15 | C25: Estados y transiciones | D25: ¿Se describen los estados del objeto y las transiciones válidas entre ellos? | E25: N/A
B26: 16 | C26: Concurrencia / simultaneidad | D26: ¿Se contempla qué pasa si varios usuarios/procesos actúan a la vez? | E26: N/A
B27: AMBIGÜEDAD DE ALCANCE
B28: 17 | C28: Límites (in/out of scope) | D28: ¿Se declara explícitamente qué queda FUERA del alcance de la historia? | E28: ⚠ Revisar | F28: La historia no declara explícitamente qué queda fuera de su alcance. | G28: Agregar una sección 'Fuera de alcance' que indique explícitamente las funcionalidades excluidas.
B29: 18 | C29: Tamaño / granularidad (INVEST) | D29: ¿La historia es lo bastante pequeña para completarse en un sprint? ¿Es divisible? | E29: ✓ Cumple
B30: 19 | C30: Datos y volúmenes | D30: ¿Se acotan cantidades, límites de registros, formatos y rangos de datos? | E30: N/A
B31: 20 | C31: Roles y permisos afectados | D31: ¿Se delimita a qué perfiles/roles aplica y a cuáles no? | E31: ✓ Cumple
B32: 21 | C32: Plataformas / entornos | D32: ¿Se especifican dispositivos, navegadores, idiomas o entornos cubiertos? | E32: ⚠ Revisar | F32: No se especifican dispositivos, navegadores, resoluciones o idiomas soportados para esta funcionalidad. | G32: Definir explícitamente los entornos soportados (navegador de escritorio, resolución mínima, idioma único: español).
B33: 22 | C33: Criterios medibles / testables | D33: ¿Cada afirmación puede verificarse objetivamente con una prueba? | E33: ✓ Cumple
B35: Ítems 'No cumple' (críticos): | D35: =COUNTIF(E8:E33,"✗ No cumple") -> 0
B36: Ítems 'Revisar': | D36: =COUNTIF(E8:E33,"⚠ Revisar") -> 3
B37: VEREDICTO (Definition of Ready): | D37: =IF(D35>0,"RECHAZADA - corregir ambigüedades críticas",IF(D36>0,"APROBADA CON OBSERVACIONES - aclarar pendientes","APROBADA - lista para BDD")) -> APROBADA CON OBSERVACIONES - aclarar pendientes

Sheet CHK-US-007
B2: CHECKLIST DE DETECCIÓN DE AMBIGÜEDADES EN USER STORIES
B3: ID de la User Story: | D3: US-007 | E3: Evaluador: | G3: Anthony Joel Romero Yaguana
B4: Historia (Como <rol>, quiero <objetivo>, para <beneficio>):
B5: Como Analista de Triaje, quiero que el sistema detecte automáticamente casos duplicados o relacionados al registrar un nuevo caso, para evitar atención redundante y mantener consistencia en el seguimiento.
B7: # | C7: Aspecto a verificar | D7: Pregunta guía / criterio | E7: Estado | F7: Hallazgo detectado | G7: Reescritura sugerida
B8: AMBIGÜEDAD SEMÁNTICA
B9: 1 | C9: Términos vagos / subjetivos | D9: ¿Se evitan palabras como 'rápido', 'fácil', 'amigable', 'eficiente', 'intuitivo', 'óptimo' sin métrica? | E9: ✓ Cumple
B10: 2 | C10: Lenguaje ubicuo | D10: ¿Los términos del dominio están definidos en un glosario y se usan de forma consistente? | E10: ⚠ Revisar | F10: No se anexa un glosario formal de términos del dominio (caso, triaje, SLA, clasificación, confiabilidad, etc.); los términos se usan de forma consistente pero sin definición central. | G10: Anexar/referenciar un glosario de dominio compartido por todas las historias del backlog.
B11: 3 | C11: Sinónimos / homónimos | D11: ¿Un mismo concepto se nombra siempre igual? ¿Un término no tiene dos significados? | E11: ✓ Cumple
B12: 4 | C12: Pronombres sin referente | D12: ¿Se evita 'esto', 'eso', 'lo anterior' sin un sujeto claro? | E12: ✓ Cumple
B13: 5 | C13: Adjetivos cuantificables | D13: ¿Los calificativos ('grande', 'muchos', 'suficiente') se expresan con números o rangos? | E13: ✓ Cumple
B14: AMBIGÜEDAD FUNCIONAL
B15: 6 | C15: Acción única y clara | D15: ¿La historia describe una sola capacidad? ¿Se evita el 'y/o' que oculta múltiples funciones? | E15: ✓ Cumple
B16: 7 | C16: Actor identificado | D16: ¿Está claro QUIÉN ejecuta la acción y quién se beneficia? | E16: ✓ Cumple
B17: 8 | C17: Comportamiento esperado | D17: ¿Se especifica el resultado observable de la acción (no solo la intención)? | E17: ✓ Cumple
B18: 9 | C18: Manejo de errores / excepciones | D18: ¿Se describen los caminos alternos y qué ocurre ante entradas inválidas? | E18: ✓ Cumple
B19: 10 | C19: Reglas de negocio explícitas | D19: ¿Las validaciones, cálculos y condiciones están declaradas y no supuestas? | E19: ✓ Cumple
B20: 11 | C20: Dependencias funcionales | D20: ¿Se identifican precondiciones o historias de las que depende? | E20: ✓ Cumple
B21: AMBIGÜEDAD TEMPORAL
B22: 12 | C22: Momento / disparador | D22: ¿Está claro CUÁNDO ocurre la acción (evento, condición o frecuencia)? | E22: ✓ Cumple
B23: 13 | C23: Orden y secuencia | D23: ¿Se define el orden de los pasos cuando importa la secuencia? | E23: ✓ Cumple
B24: 14 | C24: Plazos y tiempos de respuesta | D24: ¿Se cuantifican tiempos, timeouts, SLA o vigencias ('en X segundos', 'hasta las 23:59')? | E24: ⚠ Revisar | F24: No se define un tiempo máximo para que el motor de detección calcule la similitud. | G24: Agregar un SLA de procesamiento del cálculo de similitud.
B25: 15 | C25: Estados y transiciones | D25: ¿Se describen los estados del objeto y las transiciones válidas entre ellos? | E25: N/A
B26: 16 | C26: Concurrencia / simultaneidad | D26: ¿Se contempla qué pasa si varios usuarios/procesos actúan a la vez? | E26: ⚠ Revisar | F26: No se define qué ocurre si se registran varios casos potencialmente duplicados entre sí de forma simultánea. | G26: Aclarar el comportamiento de detección ante registros concurrentes.
B27: AMBIGÜEDAD DE ALCANCE
B28: 17 | C28: Límites (in/out of scope) | D28: ¿Se declara explícitamente qué queda FUERA del alcance de la historia? | E28: ⚠ Revisar | F28: La historia no declara explícitamente qué queda fuera de su alcance. | G28: Agregar una sección 'Fuera de alcance' que indique explícitamente las funcionalidades excluidas.
B29: 18 | C29: Tamaño / granularidad (INVEST) | D29: ¿La historia es lo bastante pequeña para completarse en un sprint? ¿Es divisible? | E29: ⚠ Revisar | F29: Estimación de 8 puntos: evaluar si la historia es divisible (cálculo de similitud vs. presentación de alertas). | G29: Considerar dividir en historias más pequeñas.
B30: 19 | C30: Datos y volúmenes | D30: ¿Se acotan cantidades, límites de registros, formatos y rangos de datos? | E30: ⚠ Revisar | F30: Los umbrales de similitud se abstrajeron a 'umbral configurado'; los valores concretos (≥90% / 60-89%) solo aparecen en la Épica EP-03. | G30: Referenciar explícitamente los valores o el documento de configuración (EP-03) desde la propia historia.
B31: 20 | C31: Roles y permisos afectados | D31: ¿Se delimita a qué perfiles/roles aplica y a cuáles no? | E31: ✓ Cumple
B32: 21 | C32: Plataformas / entornos | D32: ¿Se especifican dispositivos, navegadores, idiomas o entornos cubiertos? | E32: ⚠ Revisar | F32: No se especifican dispositivos, navegadores, resoluciones o idiomas soportados para esta funcionalidad. | G32: Definir explícitamente los entornos soportados (navegador de escritorio, resolución mínima, idioma único: español).
B33: 22 | C33: Criterios medibles / testables | D33: ¿Cada afirmación puede verificarse objetivamente con una prueba? | E33: ✓ Cumple
B35: Ítems 'No cumple' (críticos): | D35: =COUNTIF(E8:E33,"✗ No cumple") -> 0
B36: Ítems 'Revisar': | D36: =COUNTIF(E8:E33,"⚠ Revisar") -> 7
B37: VEREDICTO (Definition of Ready): | D37: =IF(D35>0,"RECHAZADA - corregir ambigüedades críticas",IF(D36>0,"APROBADA CON OBSERVACIONES - aclarar pendientes","APROBADA - lista para BDD")) -> APROBADA CON OBSERVACIONES - aclarar pendientes

Sheet CHK-US-008
B2: CHECKLIST DE DETECCIÓN DE AMBIGÜEDADES EN USER STORIES
B3: ID de la User Story: | D3: US-008 | E3: Evaluador: | G3: Anthony Joel Romero Yaguana
B4: Historia (Como <rol>, quiero <objetivo>, para <beneficio>):
B5: Como Analista de Triaje, quiero derivar un caso ya clasificado al área o especialista responsable, para que continúe su proceso de resolución.
B7: # | C7: Aspecto a verificar | D7: Pregunta guía / criterio | E7: Estado | F7: Hallazgo detectado | G7: Reescritura sugerida
B8: AMBIGÜEDAD SEMÁNTICA
B9: 1 | C9: Términos vagos / subjetivos | D9: ¿Se evitan palabras como 'rápido', 'fácil', 'amigable', 'eficiente', 'intuitivo', 'óptimo' sin métrica? | E9: ✓ Cumple
B10: 2 | C10: Lenguaje ubicuo | D10: ¿Los términos del dominio están definidos en un glosario y se usan de forma consistente? | E10: ⚠ Revisar | F10: No se anexa un glosario formal de términos del dominio (caso, triaje, SLA, clasificación, confiabilidad, etc.); los términos se usan de forma consistente pero sin definición central. | G10: Anexar/referenciar un glosario de dominio compartido por todas las historias del backlog.
B11: 3 | C11: Sinónimos / homónimos | D11: ¿Un mismo concepto se nombra siempre igual? ¿Un término no tiene dos significados? | E11: ✓ Cumple
B12: 4 | C12: Pronombres sin referente | D12: ¿Se evita 'esto', 'eso', 'lo anterior' sin un sujeto claro? | E12: ✓ Cumple
B13: 5 | C13: Adjetivos cuantificables | D13: ¿Los calificativos ('grande', 'muchos', 'suficiente') se expresan con números o rangos? | E13: ✓ Cumple
B14: AMBIGÜEDAD FUNCIONAL
B15: 6 | C15: Acción única y clara | D15: ¿La historia describe una sola capacidad? ¿Se evita el 'y/o' que oculta múltiples funciones? | E15: ✓ Cumple
B16: 7 | C16: Actor identificado | D16: ¿Está claro QUIÉN ejecuta la acción y quién se beneficia? | E16: ✓ Cumple
B17: 8 | C17: Comportamiento esperado | D17: ¿Se especifica el resultado observable de la acción (no solo la intención)? | E17: ✓ Cumple
B18: 9 | C18: Manejo de errores / excepciones | D18: ¿Se describen los caminos alternos y qué ocurre ante entradas inválidas? | E18: ✓ Cumple
B19: 10 | C19: Reglas de negocio explícitas | D19: ¿Las validaciones, cálculos y condiciones están declaradas y no supuestas? | E19: ✓ Cumple
B20: 11 | C20: Dependencias funcionales | D20: ¿Se identifican precondiciones o historias de las que depende? | E20: ✓ Cumple
B21: AMBIGÜEDAD TEMPORAL
B22: 12 | C22: Momento / disparador | D22: ¿Está claro CUÁNDO ocurre la acción (evento, condición o frecuencia)? | E22: ✓ Cumple
B23: 13 | C23: Orden y secuencia | D23: ¿Se define el orden de los pasos cuando importa la secuencia? | E23: ✓ Cumple
B24: 14 | C24: Plazos y tiempos de respuesta | D24: ¿Se cuantifican tiempos, timeouts, SLA o vigencias ('en X segundos', 'hasta las 23:59')? | E24: N/A
B25: 15 | C25: Estados y transiciones | D25: ¿Se describen los estados del objeto y las transiciones válidas entre ellos? | E25: N/A
B26: 16 | C26: Concurrencia / simultaneidad | D26: ¿Se contempla qué pasa si varios usuarios/procesos actúan a la vez? | E26: ⚠ Revisar | F26: No se define qué ocurre si dos supervisores intentan derivar el mismo caso simultáneamente a áreas distintas. | G26: Agregar comportamiento ante derivación concurrente.
B27: AMBIGÜEDAD DE ALCANCE
B28: 17 | C28: Límites (in/out of scope) | D28: ¿Se declara explícitamente qué queda FUERA del alcance de la historia? | E28: ⚠ Revisar | F28: La historia no declara explícitamente qué queda fuera de su alcance. | G28: Agregar una sección 'Fuera de alcance' que indique explícitamente las funcionalidades excluidas.
B29: 18 | C29: Tamaño / granularidad (INVEST) | D29: ¿La historia es lo bastante pequeña para completarse en un sprint? ¿Es divisible? | E29: ✓ Cumple
B30: 19 | C30: Datos y volúmenes | D30: ¿Se acotan cantidades, límites de registros, formatos y rangos de datos? | E30: N/A
B31: 20 | C31: Roles y permisos afectados | D31: ¿Se delimita a qué perfiles/roles aplica y a cuáles no? | E31: ✓ Cumple
B32: 21 | C32: Plataformas / entornos | D32: ¿Se especifican dispositivos, navegadores, idiomas o entornos cubiertos? | E32: ⚠ Revisar | F32: No se especifican dispositivos, navegadores, resoluciones o idiomas soportados para esta funcionalidad. | G32: Definir explícitamente los entornos soportados (navegador de escritorio, resolución mínima, idioma único: español).
B33: 22 | C33: Criterios medibles / testables | D33: ¿Cada afirmación puede verificarse objetivamente con una prueba? | E33: ✓ Cumple
B35: Ítems 'No cumple' (críticos): | D35: =COUNTIF(E8:E33,"✗ No cumple") -> 0
B36: Ítems 'Revisar': | D36: =COUNTIF(E8:E33,"⚠ Revisar") -> 4
B37: VEREDICTO (Definition of Ready): | D37: =IF(D35>0,"RECHAZADA - corregir ambigüedades críticas",IF(D36>0,"APROBADA CON OBSERVACIONES - aclarar pendientes","APROBADA - lista para BDD")) -> APROBADA CON OBSERVACIONES - aclarar pendientes

Sheet CHK-US-009
B2: CHECKLIST DE DETECCIÓN DE AMBIGÜEDADES EN USER STORIES
B3: ID de la User Story: | D3: US-009 | E3: Evaluador: | G3: Anthony Joel Romero Yaguana
B4: Historia (Como <rol>, quiero <objetivo>, para <beneficio>):
B5: Como Supervisor Operativo, quiero cambiar el responsable asignado a un caso A&G activo registrando el motivo del cambio, para asegurar la continuidad de su gestión con respaldo auditable.
B7: # | C7: Aspecto a verificar | D7: Pregunta guía / criterio | E7: Estado | F7: Hallazgo detectado | G7: Reescritura sugerida
B8: AMBIGÜEDAD SEMÁNTICA
B9: 1 | C9: Términos vagos / subjetivos | D9: ¿Se evitan palabras como 'rápido', 'fácil', 'amigable', 'eficiente', 'intuitivo', 'óptimo' sin métrica? | E9: ✓ Cumple
B10: 2 | C10: Lenguaje ubicuo | D10: ¿Los términos del dominio están definidos en un glosario y se usan de forma consistente? | E10: ⚠ Revisar | F10: No se anexa un glosario formal de términos del dominio (caso, triaje, SLA, clasificación, confiabilidad, etc.); los términos se usan de forma consistente pero sin definición central. | G10: Anexar/referenciar un glosario de dominio compartido por todas las historias del backlog.
B11: 3 | C11: Sinónimos / homónimos | D11: ¿Un mismo concepto se nombra siempre igual? ¿Un término no tiene dos significados? | E11: ✓ Cumple
B12: 4 | C12: Pronombres sin referente | D12: ¿Se evita 'esto', 'eso', 'lo anterior' sin un sujeto claro? | E12: ✓ Cumple
B13: 5 | C13: Adjetivos cuantificables | D13: ¿Los calificativos ('grande', 'muchos', 'suficiente') se expresan con números o rangos? | E13: ✓ Cumple
B14: AMBIGÜEDAD FUNCIONAL
B15: 6 | C15: Acción única y clara | D15: ¿La historia describe una sola capacidad? ¿Se evita el 'y/o' que oculta múltiples funciones? | E15: ✓ Cumple
B16: 7 | C16: Actor identificado | D16: ¿Está claro QUIÉN ejecuta la acción y quién se beneficia? | E16: ✓ Cumple
B17: 8 | C17: Comportamiento esperado | D17: ¿Se especifica el resultado observable de la acción (no solo la intención)? | E17: ✓ Cumple
B18: 9 | C18: Manejo de errores / excepciones | D18: ¿Se describen los caminos alternos y qué ocurre ante entradas inválidas? | E18: ✓ Cumple
B19: 10 | C19: Reglas de negocio explícitas | D19: ¿Las validaciones, cálculos y condiciones están declaradas y no supuestas? | E19: ✓ Cumple
B20: 11 | C20: Dependencias funcionales | D20: ¿Se identifican precondiciones o historias de las que depende? | E20: ✓ Cumple
B21: AMBIGÜEDAD TEMPORAL
B22: 12 | C22: Momento / disparador | D22: ¿Está claro CUÁNDO ocurre la acción (evento, condición o frecuencia)? | E22: ✓ Cumple
B23: 13 | C23: Orden y secuencia | D23: ¿Se define el orden de los pasos cuando importa la secuencia? | E23: ✓ Cumple
B24: 14 | C24: Plazos y tiempos de respuesta | D24: ¿Se cuantifican tiempos, timeouts, SLA o vigencias ('en X segundos', 'hasta las 23:59')? | E24: N/A
B25: 15 | C25: Estados y transiciones | D25: ¿Se describen los estados del objeto y las transiciones válidas entre ellos? | E25: N/A
B26: 16 | C26: Concurrencia / simultaneidad | D26: ¿Se contempla qué pasa si varios usuarios/procesos actúan a la vez? | E26: ⚠ Revisar | F26: No se define qué ocurre si dos supervisores reasignan el mismo caso al mismo tiempo. | G26: Agregar: bloqueo o resolución de conflicto ante reasignación concurrente.
B27: AMBIGÜEDAD DE ALCANCE
B28: 17 | C28: Límites (in/out of scope) | D28: ¿Se declara explícitamente qué queda FUERA del alcance de la historia? | E28: ⚠ Revisar | F28: La historia no declara explícitamente qué queda fuera de su alcance. | G28: Agregar una sección 'Fuera de alcance' que indique explícitamente las funcionalidades excluidas.
B29: 18 | C29: Tamaño / granularidad (INVEST) | D29: ¿La historia es lo bastante pequeña para completarse en un sprint? ¿Es divisible? | E29: ✓ Cumple
B30: 19 | C30: Datos y volúmenes | D30: ¿Se acotan cantidades, límites de registros, formatos y rangos de datos? | E30: N/A
B31: 20 | C31: Roles y permisos afectados | D31: ¿Se delimita a qué perfiles/roles aplica y a cuáles no? | E31: ✓ Cumple
B32: 21 | C32: Plataformas / entornos | D32: ¿Se especifican dispositivos, navegadores, idiomas o entornos cubiertos? | E32: ⚠ Revisar | F32: No se especifican dispositivos, navegadores, resoluciones o idiomas soportados para esta funcionalidad. | G32: Definir explícitamente los entornos soportados (navegador de escritorio, resolución mínima, idioma único: español).
B33: 22 | C33: Criterios medibles / testables | D33: ¿Cada afirmación puede verificarse objetivamente con una prueba? | E33: ✓ Cumple
B35: Ítems 'No cumple' (críticos): | D35: =COUNTIF(E8:E33,"✗ No cumple") -> 0
B36: Ítems 'Revisar': | D36: =COUNTIF(E8:E33,"⚠ Revisar") -> 4
B37: VEREDICTO (Definition of Ready): | D37: =IF(D35>0,"RECHAZADA - corregir ambigüedades críticas",IF(D36>0,"APROBADA CON OBSERVACIONES - aclarar pendientes","APROBADA - lista para BDD")) -> APROBADA CON OBSERVACIONES - aclarar pendientes

Sheet CHK-US-010
B2: CHECKLIST DE DETECCIÓN DE AMBIGÜEDADES EN USER STORIES
B3: ID de la User Story: | D3: US-010 | E3: Evaluador: | G3: Anthony Joel Romero Yaguana
B4: Historia (Como <rol>, quiero <objetivo>, para <beneficio>):
B5: Como Supervisor Operativo, quiero visualizar el estado actual de los casos A&G, para dar seguimiento oportuno a la operación sin acceder a múltiples sistemas.
B7: # | C7: Aspecto a verificar | D7: Pregunta guía / criterio | E7: Estado | F7: Hallazgo detectado | G7: Reescritura sugerida
B8: AMBIGÜEDAD SEMÁNTICA
B9: 1 | C9: Términos vagos / subjetivos | D9: ¿Se evitan palabras como 'rápido', 'fácil', 'amigable', 'eficiente', 'intuitivo', 'óptimo' sin métrica? | E9: ✓ Cumple
B10: 2 | C10: Lenguaje ubicuo | D10: ¿Los términos del dominio están definidos en un glosario y se usan de forma consistente? | E10: ⚠ Revisar | F10: No se anexa un glosario formal de términos del dominio (caso, triaje, SLA, clasificación, confiabilidad, etc.); los términos se usan de forma consistente pero sin definición central. | G10: Anexar/referenciar un glosario de dominio compartido por todas las historias del backlog.
B11: 3 | C11: Sinónimos / homónimos | D11: ¿Un mismo concepto se nombra siempre igual? ¿Un término no tiene dos significados? | E11: ✓ Cumple
B12: 4 | C12: Pronombres sin referente | D12: ¿Se evita 'esto', 'eso', 'lo anterior' sin un sujeto claro? | E12: ✓ Cumple
B13: 5 | C13: Adjetivos cuantificables | D13: ¿Los calificativos ('grande', 'muchos', 'suficiente') se expresan con números o rangos? | E13: ✓ Cumple
B14: AMBIGÜEDAD FUNCIONAL
B15: 6 | C15: Acción única y clara | D15: ¿La historia describe una sola capacidad? ¿Se evita el 'y/o' que oculta múltiples funciones? | E15: ✓ Cumple
B16: 7 | C16: Actor identificado | D16: ¿Está claro QUIÉN ejecuta la acción y quién se beneficia? | E16: ✓ Cumple
B17: 8 | C17: Comportamiento esperado | D17: ¿Se especifica el resultado observable de la acción (no solo la intención)? | E17: ✓ Cumple
B18: 9 | C18: Manejo de errores / excepciones | D18: ¿Se describen los caminos alternos y qué ocurre ante entradas inválidas? | E18: ✓ Cumple
B19: 10 | C19: Reglas de negocio explícitas | D19: ¿Las validaciones, cálculos y condiciones están declaradas y no supuestas? | E19: ✓ Cumple
B20: 11 | C20: Dependencias funcionales | D20: ¿Se identifican precondiciones o historias de las que depende? | E20: ✓ Cumple
B21: AMBIGÜEDAD TEMPORAL
B22: 12 | C22: Momento / disparador | D22: ¿Está claro CUÁNDO ocurre la acción (evento, condición o frecuencia)? | E22: ✓ Cumple
B23: 13 | C23: Orden y secuencia | D23: ¿Se define el orden de los pasos cuando importa la secuencia? | E23: ✓ Cumple
B24: 14 | C24: Plazos y tiempos de respuesta | D24: ¿Se cuantifican tiempos, timeouts, SLA o vigencias ('en X segundos', 'hasta las 23:59')? | E24: N/A
B25: 15 | C25: Estados y transiciones | D25: ¿Se describen los estados del objeto y las transiciones válidas entre ellos? | E25: ✓ Cumple
B26: 16 | C26: Concurrencia / simultaneidad | D26: ¿Se contempla qué pasa si varios usuarios/procesos actúan a la vez? | E26: N/A
B27: AMBIGÜEDAD DE ALCANCE
B28: 17 | C28: Límites (in/out of scope) | D28: ¿Se declara explícitamente qué queda FUERA del alcance de la historia? | E28: ⚠ Revisar | F28: La historia no declara explícitamente qué queda fuera de su alcance. | G28: Agregar una sección 'Fuera de alcance' que indique explícitamente las funcionalidades excluidas.
B29: 18 | C29: Tamaño / granularidad (INVEST) | D29: ¿La historia es lo bastante pequeña para completarse en un sprint? ¿Es divisible? | E29: ✓ Cumple
B30: 19 | C30: Datos y volúmenes | D30: ¿Se acotan cantidades, límites de registros, formatos y rangos de datos? | E30: N/A
B31: 20 | C31: Roles y permisos afectados | D31: ¿Se delimita a qué perfiles/roles aplica y a cuáles no? | E31: ✓ Cumple
B32: 21 | C32: Plataformas / entornos | D32: ¿Se especifican dispositivos, navegadores, idiomas o entornos cubiertos? | E32: ⚠ Revisar | F32: No se especifican dispositivos, navegadores, resoluciones o idiomas soportados para esta funcionalidad. | G32: Definir explícitamente los entornos soportados (navegador de escritorio, resolución mínima, idioma único: español).
B33: 22 | C33: Criterios medibles / testables | D33: ¿Cada afirmación puede verificarse objetivamente con una prueba? | E33: ✓ Cumple
B35: Ítems 'No cumple' (críticos): | D35: =COUNTIF(E8:E33,"✗ No cumple") -> 0
B36: Ítems 'Revisar': | D36: =COUNTIF(E8:E33,"⚠ Revisar") -> 3
B37: VEREDICTO (Definition of Ready): | D37: =IF(D35>0,"RECHAZADA - corregir ambigüedades críticas",IF(D36>0,"APROBADA CON OBSERVACIONES - aclarar pendientes","APROBADA - lista para BDD")) -> APROBADA CON OBSERVACIONES - aclarar pendientes

Sheet CHK-US-011
B2: CHECKLIST DE DETECCIÓN DE AMBIGÜEDADES EN USER STORIES
B3: ID de la User Story: | D3: US-011 | E3: Evaluador: | G3: Anthony Joel Romero Yaguana
B4: Historia (Como <rol>, quiero <objetivo>, para <beneficio>):
B5: Como Supervisor Operativo, quiero acceder a un tablero consolidado con indicadores operativos y alertas de SLA, para tener visibilidad global del desempeño del equipo de triaje.
B7: # | C7: Aspecto a verificar | D7: Pregunta guía / criterio | E7: Estado | F7: Hallazgo detectado | G7: Reescritura sugerida
B8: AMBIGÜEDAD SEMÁNTICA
B9: 1 | C9: Términos vagos / subjetivos | D9: ¿Se evitan palabras como 'rápido', 'fácil', 'amigable', 'eficiente', 'intuitivo', 'óptimo' sin métrica? | E9: ✓ Cumple
B10: 2 | C10: Lenguaje ubicuo | D10: ¿Los términos del dominio están definidos en un glosario y se usan de forma consistente? | E10: ⚠ Revisar | F10: No se anexa un glosario formal de términos del dominio (caso, triaje, SLA, clasificación, confiabilidad, etc.); los términos se usan de forma consistente pero sin definición central. | G10: Anexar/referenciar un glosario de dominio compartido por todas las historias del backlog.
B11: 3 | C11: Sinónimos / homónimos | D11: ¿Un mismo concepto se nombra siempre igual? ¿Un término no tiene dos significados? | E11: ✓ Cumple
B12: 4 | C12: Pronombres sin referente | D12: ¿Se evita 'esto', 'eso', 'lo anterior' sin un sujeto claro? | E12: ✓ Cumple
B13: 5 | C13: Adjetivos cuantificables | D13: ¿Los calificativos ('grande', 'muchos', 'suficiente') se expresan con números o rangos? | E13: ✓ Cumple
B14: AMBIGÜEDAD FUNCIONAL
B15: 6 | C15: Acción única y clara | D15: ¿La historia describe una sola capacidad? ¿Se evita el 'y/o' que oculta múltiples funciones? | E15: ✓ Cumple
B16: 7 | C16: Actor identificado | D16: ¿Está claro QUIÉN ejecuta la acción y quién se beneficia? | E16: ✓ Cumple
B17: 8 | C17: Comportamiento esperado | D17: ¿Se especifica el resultado observable de la acción (no solo la intención)? | E17: ✓ Cumple
B18: 9 | C18: Manejo de errores / excepciones | D18: ¿Se describen los caminos alternos y qué ocurre ante entradas inválidas? | E18: ⚠ Revisar | F18: No se describe qué ocurre si no hay datos suficientes para calcular los indicadores (p. ej. periodo sin casos). | G18: Agregar: 'Dado que no existen casos en el periodo consultado, entonces el sistema muestra el tablero con indicadores en cero y un mensaje informativo.'
B19: 10 | C19: Reglas de negocio explícitas | D19: ¿Las validaciones, cálculos y condiciones están declaradas y no supuestas? | E19: ✓ Cumple
B20: 11 | C20: Dependencias funcionales | D20: ¿Se identifican precondiciones o historias de las que depende? | E20: ✓ Cumple
B21: AMBIGÜEDAD TEMPORAL
B22: 12 | C22: Momento / disparador | D22: ¿Está claro CUÁNDO ocurre la acción (evento, condición o frecuencia)? | E22: ✓ Cumple
B23: 13 | C23: Orden y secuencia | D23: ¿Se define el orden de los pasos cuando importa la secuencia? | E23: ✓ Cumple
B24: 14 | C24: Plazos y tiempos de respuesta | D24: ¿Se cuantifican tiempos, timeouts, SLA o vigencias ('en X segundos', 'hasta las 23:59')? | E24: N/A
B25: 15 | C25: Estados y transiciones | D25: ¿Se describen los estados del objeto y las transiciones válidas entre ellos? | E25: N/A
B26: 16 | C26: Concurrencia / simultaneidad | D26: ¿Se contempla qué pasa si varios usuarios/procesos actúan a la vez? | E26: N/A
B27: AMBIGÜEDAD DE ALCANCE
B28: 17 | C28: Límites (in/out of scope) | D28: ¿Se declara explícitamente qué queda FUERA del alcance de la historia? | E28: ⚠ Revisar | F28: La historia no declara explícitamente qué queda fuera de su alcance. | G28: Agregar una sección 'Fuera de alcance' que indique explícitamente las funcionalidades excluidas.
B29: 18 | C29: Tamaño / granularidad (INVEST) | D29: ¿La historia es lo bastante pequeña para completarse en un sprint? ¿Es divisible? | E29: ✓ Cumple
B30: 19 | C30: Datos y volúmenes | D30: ¿Se acotan cantidades, límites de registros, formatos y rangos de datos? | E30: ⚠ Revisar | F30: El riesgo asociado menciona picos de demanda del 20% pero el criterio de aceptación no acota el volumen de datos que el tablero debe soportar. | G30: Cuantificar el volumen máximo de casos/eventos que el tablero debe procesar sin degradar el tiempo de carga.
B31: 20 | C31: Roles y permisos afectados | D31: ¿Se delimita a qué perfiles/roles aplica y a cuáles no? | E31: ✓ Cumple
B32: 21 | C32: Plataformas / entornos | D32: ¿Se especifican dispositivos, navegadores, idiomas o entornos cubiertos? | E32: ⚠ Revisar | F32: No se especifican dispositivos, navegadores, resoluciones o idiomas soportados para esta funcionalidad. | G32: Definir explícitamente los entornos soportados (navegador de escritorio, resolución mínima, idioma único: español).
B33: 22 | C33: Criterios medibles / testables | D33: ¿Cada afirmación puede verificarse objetivamente con una prueba? | E33: ✓ Cumple
B35: Ítems 'No cumple' (críticos): | D35: =COUNTIF(E8:E33,"✗ No cumple") -> 0
B36: Ítems 'Revisar': | D36: =COUNTIF(E8:E33,"⚠ Revisar") -> 5
B37: VEREDICTO (Definition of Ready): | D37: =IF(D35>0,"RECHAZADA - corregir ambigüedades críticas",IF(D36>0,"APROBADA CON OBSERVACIONES - aclarar pendientes","APROBADA - lista para BDD")) -> APROBADA CON OBSERVACIONES - aclarar pendientes

Sheet CHK-US-012
B2: CHECKLIST DE DETECCIÓN DE AMBIGÜEDADES EN USER STORIES
B3: ID de la User Story: | D3: US-012 | E3: Evaluador: | G3: Anthony Joel Romero Yaguana
B4: Historia (Como <rol>, quiero <objetivo>, para <beneficio>):
B5: Como Supervisor Operativo, quiero revisar y gestionar las alertas de casos próximos a vencer su SLA, para actuar antes de que se produzca un incumplimiento.
B7: # | C7: Aspecto a verificar | D7: Pregunta guía / criterio | E7: Estado | F7: Hallazgo detectado | G7: Reescritura sugerida
B8: AMBIGÜEDAD SEMÁNTICA
B9: 1 | C9: Términos vagos / subjetivos | D9: ¿Se evitan palabras como 'rápido', 'fácil', 'amigable', 'eficiente', 'intuitivo', 'óptimo' sin métrica? | E9: ⚠ Revisar | F9: Las notas de UX mencionan 'acciones rápidas' sin definir qué las hace rápidas. | G9: Especificar en qué consisten las acciones rápidas (p. ej. número de clics o campos requeridos).
B10: 2 | C10: Lenguaje ubicuo | D10: ¿Los términos del dominio están definidos en un glosario y se usan de forma consistente? | E10: ⚠ Revisar | F10: No se anexa un glosario formal de términos del dominio (caso, triaje, SLA, clasificación, confiabilidad, etc.); los términos se usan de forma consistente pero sin definición central. | G10: Anexar/referenciar un glosario de dominio compartido por todas las historias del backlog.
B11: 3 | C11: Sinónimos / homónimos | D11: ¿Un mismo concepto se nombra siempre igual? ¿Un término no tiene dos significados? | E11: ✓ Cumple
B12: 4 | C12: Pronombres sin referente | D12: ¿Se evita 'esto', 'eso', 'lo anterior' sin un sujeto claro? | E12: ✓ Cumple
B13: 5 | C13: Adjetivos cuantificables | D13: ¿Los calificativos ('grande', 'muchos', 'suficiente') se expresan con números o rangos? | E13: ✓ Cumple
B14: AMBIGÜEDAD FUNCIONAL
B15: 6 | C15: Acción única y clara | D15: ¿La historia describe una sola capacidad? ¿Se evita el 'y/o' que oculta múltiples funciones? | E15: ✓ Cumple
B16: 7 | C16: Actor identificado | D16: ¿Está claro QUIÉN ejecuta la acción y quién se beneficia? | E16: ✓ Cumple
B17: 8 | C17: Comportamiento esperado | D17: ¿Se especifica el resultado observable de la acción (no solo la intención)? | E17: ✓ Cumple
B18: 9 | C18: Manejo de errores / excepciones | D18: ¿Se describen los caminos alternos y qué ocurre ante entradas inválidas? | E18: ✓ Cumple
B19: 10 | C19: Reglas de negocio explícitas | D19: ¿Las validaciones, cálculos y condiciones están declaradas y no supuestas? | E19: ✓ Cumple
B20: 11 | C20: Dependencias funcionales | D20: ¿Se identifican precondiciones o historias de las que depende? | E20: ✓ Cumple
B21: AMBIGÜEDAD TEMPORAL
B22: 12 | C22: Momento / disparador | D22: ¿Está claro CUÁNDO ocurre la acción (evento, condición o frecuencia)? | E22: ✓ Cumple
B23: 13 | C23: Orden y secuencia | D23: ¿Se define el orden de los pasos cuando importa la secuencia? | E23: ✓ Cumple
B24: 14 | C24: Plazos y tiempos de respuesta | D24: ¿Se cuantifican tiempos, timeouts, SLA o vigencias ('en X segundos', 'hasta las 23:59')? | E24: N/A
B25: 15 | C25: Estados y transiciones | D25: ¿Se describen los estados del objeto y las transiciones válidas entre ellos? | E25: ✓ Cumple
B26: 16 | C26: Concurrencia / simultaneidad | D26: ¿Se contempla qué pasa si varios usuarios/procesos actúan a la vez? | E26: N/A
B27: AMBIGÜEDAD DE ALCANCE
B28: 17 | C28: Límites (in/out of scope) | D28: ¿Se declara explícitamente qué queda FUERA del alcance de la historia? | E28: ⚠ Revisar | F28: La historia no declara explícitamente qué queda fuera de su alcance. | G28: Agregar una sección 'Fuera de alcance' que indique explícitamente las funcionalidades excluidas.
B29: 18 | C29: Tamaño / granularidad (INVEST) | D29: ¿La historia es lo bastante pequeña para completarse en un sprint? ¿Es divisible? | E29: ✓ Cumple
B30: 19 | C30: Datos y volúmenes | D30: ¿Se acotan cantidades, límites de registros, formatos y rangos de datos? | E30: N/A
B31: 20 | C31: Roles y permisos afectados | D31: ¿Se delimita a qué perfiles/roles aplica y a cuáles no? | E31: ✓ Cumple
B32: 21 | C32: Plataformas / entornos | D32: ¿Se especifican dispositivos, navegadores, idiomas o entornos cubiertos? | E32: ⚠ Revisar | F32: No se especifican dispositivos, navegadores, resoluciones o idiomas soportados para esta funcionalidad. | G32: Definir explícitamente los entornos soportados (navegador de escritorio, resolución mínima, idioma único: español).
B33: 22 | C33: Criterios medibles / testables | D33: ¿Cada afirmación puede verificarse objetivamente con una prueba? | E33: ✓ Cumple
B35: Ítems 'No cumple' (críticos): | D35: =COUNTIF(E8:E33,"✗ No cumple") -> 0
B36: Ítems 'Revisar': | D36: =COUNTIF(E8:E33,"⚠ Revisar") -> 4
B37: VEREDICTO (Definition of Ready): | D37: =IF(D35>0,"RECHAZADA - corregir ambigüedades críticas",IF(D36>0,"APROBADA CON OBSERVACIONES - aclarar pendientes","APROBADA - lista para BDD")) -> APROBADA CON OBSERVACIONES - aclarar pendientes

Sheet CHK-US-013
B2: CHECKLIST DE DETECCIÓN DE AMBIGÜEDADES EN USER STORIES
B3: ID de la User Story: | D3: US-013 | E3: Evaluador: | G3: Anthony Joel Romero Yaguana
B4: Historia (Como <rol>, quiero <objetivo>, para <beneficio>):
B5: Como Analista de Triaje, quiero colocar un caso en espera por una dependencia externa y vigilar su SLA, para evitar perder el control del caso mientras se resuelve la dependencia.
B7: # | C7: Aspecto a verificar | D7: Pregunta guía / criterio | E7: Estado | F7: Hallazgo detectado | G7: Reescritura sugerida
B8: AMBIGÜEDAD SEMÁNTICA
B9: 1 | C9: Términos vagos / subjetivos | D9: ¿Se evitan palabras como 'rápido', 'fácil', 'amigable', 'eficiente', 'intuitivo', 'óptimo' sin métrica? | E9: ✓ Cumple
B10: 2 | C10: Lenguaje ubicuo | D10: ¿Los términos del dominio están definidos en un glosario y se usan de forma consistente? | E10: ⚠ Revisar | F10: No se anexa un glosario formal de términos del dominio (caso, triaje, SLA, clasificación, confiabilidad, etc.); los términos se usan de forma consistente pero sin definición central. | G10: Anexar/referenciar un glosario de dominio compartido por todas las historias del backlog.
B11: 3 | C11: Sinónimos / homónimos | D11: ¿Un mismo concepto se nombra siempre igual? ¿Un término no tiene dos significados? | E11: ✓ Cumple
B12: 4 | C12: Pronombres sin referente | D12: ¿Se evita 'esto', 'eso', 'lo anterior' sin un sujeto claro? | E12: ✓ Cumple
B13: 5 | C13: Adjetivos cuantificables | D13: ¿Los calificativos ('grande', 'muchos', 'suficiente') se expresan con números o rangos? | E13: ✓ Cumple
B14: AMBIGÜEDAD FUNCIONAL
B15: 6 | C15: Acción única y clara | D15: ¿La historia describe una sola capacidad? ¿Se evita el 'y/o' que oculta múltiples funciones? | E15: ✓ Cumple
B16: 7 | C16: Actor identificado | D16: ¿Está claro QUIÉN ejecuta la acción y quién se beneficia? | E16: ✓ Cumple
B17: 8 | C17: Comportamiento esperado | D17: ¿Se especifica el resultado observable de la acción (no solo la intención)? | E17: ✓ Cumple
B18: 9 | C18: Manejo de errores / excepciones | D18: ¿Se describen los caminos alternos y qué ocurre ante entradas inválidas? | E18: ✓ Cumple
B19: 10 | C19: Reglas de negocio explícitas | D19: ¿Las validaciones, cálculos y condiciones están declaradas y no supuestas? | E19: ✓ Cumple
B20: 11 | C20: Dependencias funcionales | D20: ¿Se identifican precondiciones o historias de las que depende? | E20: ✓ Cumple
B21: AMBIGÜEDAD TEMPORAL
B22: 12 | C22: Momento / disparador | D22: ¿Está claro CUÁNDO ocurre la acción (evento, condición o frecuencia)? | E22: ✓ Cumple
B23: 13 | C23: Orden y secuencia | D23: ¿Se define el orden de los pasos cuando importa la secuencia? | E23: ✓ Cumple
B24: 14 | C24: Plazos y tiempos de respuesta | D24: ¿Se cuantifican tiempos, timeouts, SLA o vigencias ('en X segundos', 'hasta las 23:59')? | E24: N/A
B25: 15 | C25: Estados y transiciones | D25: ¿Se describen los estados del objeto y las transiciones válidas entre ellos? | E25: ✓ Cumple
B26: 16 | C26: Concurrencia / simultaneidad | D26: ¿Se contempla qué pasa si varios usuarios/procesos actúan a la vez? | E26: ⚠ Revisar | F26: No se define qué ocurre si el caso pasa a estado 'en espera' mientras otro usuario lo está editando. | G26: Aclarar la interacción entre edición concurrente y el estado 'en espera'.
B27: AMBIGÜEDAD DE ALCANCE
B28: 17 | C28: Límites (in/out of scope) | D28: ¿Se declara explícitamente qué queda FUERA del alcance de la historia? | E28: ⚠ Revisar | F28: La historia no declara explícitamente qué queda fuera de su alcance. | G28: Agregar una sección 'Fuera de alcance' que indique explícitamente las funcionalidades excluidas.
B29: 18 | C29: Tamaño / granularidad (INVEST) | D29: ¿La historia es lo bastante pequeña para completarse en un sprint? ¿Es divisible? | E29: ✓ Cumple
B30: 19 | C30: Datos y volúmenes | D30: ¿Se acotan cantidades, límites de registros, formatos y rangos de datos? | E30: N/A
B31: 20 | C31: Roles y permisos afectados | D31: ¿Se delimita a qué perfiles/roles aplica y a cuáles no? | E31: ✓ Cumple
B32: 21 | C32: Plataformas / entornos | D32: ¿Se especifican dispositivos, navegadores, idiomas o entornos cubiertos? | E32: ⚠ Revisar | F32: No se especifican dispositivos, navegadores, resoluciones o idiomas soportados para esta funcionalidad. | G32: Definir explícitamente los entornos soportados (navegador de escritorio, resolución mínima, idioma único: español).
B33: 22 | C33: Criterios medibles / testables | D33: ¿Cada afirmación puede verificarse objetivamente con una prueba? | E33: ✓ Cumple
B35: Ítems 'No cumple' (críticos): | D35: =COUNTIF(E8:E33,"✗ No cumple") -> 0
B36: Ítems 'Revisar': | D36: =COUNTIF(E8:E33,"⚠ Revisar") -> 4
B37: VEREDICTO (Definition of Ready): | D37: =IF(D35>0,"RECHAZADA - corregir ambigüedades críticas",IF(D36>0,"APROBADA CON OBSERVACIONES - aclarar pendientes","APROBADA - lista para BDD")) -> APROBADA CON OBSERVACIONES - aclarar pendientes

Sheet CHK-US-014
B2: CHECKLIST DE DETECCIÓN DE AMBIGÜEDADES EN USER STORIES
B3: ID de la User Story: | D3: US-014 | E3: Evaluador: | G3: Anthony Joel Romero Yaguana
B4: Historia (Como <rol>, quiero <objetivo>, para <beneficio>):
B5: Como integrante del Equipo de Calidad, quiero consultar el historial cronológico e inmutable de las acciones sobre un caso, para verificar el cumplimiento del proceso de triaje.
B7: # | C7: Aspecto a verificar | D7: Pregunta guía / criterio | E7: Estado | F7: Hallazgo detectado | G7: Reescritura sugerida
B8: AMBIGÜEDAD SEMÁNTICA
B9: 1 | C9: Términos vagos / subjetivos | D9: ¿Se evitan palabras como 'rápido', 'fácil', 'amigable', 'eficiente', 'intuitivo', 'óptimo' sin métrica? | E9: ✓ Cumple
B10: 2 | C10: Lenguaje ubicuo | D10: ¿Los términos del dominio están definidos en un glosario y se usan de forma consistente? | E10: ⚠ Revisar | F10: No se anexa un glosario formal de términos del dominio (caso, triaje, SLA, clasificación, confiabilidad, etc.); los términos se usan de forma consistente pero sin definición central. | G10: Anexar/referenciar un glosario de dominio compartido por todas las historias del backlog.
B11: 3 | C11: Sinónimos / homónimos | D11: ¿Un mismo concepto se nombra siempre igual? ¿Un término no tiene dos significados? | E11: ✓ Cumple
B12: 4 | C12: Pronombres sin referente | D12: ¿Se evita 'esto', 'eso', 'lo anterior' sin un sujeto claro? | E12: ✓ Cumple
B13: 5 | C13: Adjetivos cuantificables | D13: ¿Los calificativos ('grande', 'muchos', 'suficiente') se expresan con números o rangos? | E13: ✗ No cumple | F13: El criterio usa 'un gran volumen de eventos' sin cuantificar el umbral a partir del cual aplica el filtrado. | G13: Reemplazar por: 'Dado que el historial contiene más de 200 eventos, entonces el sistema habilita filtros por tipo de evento o rango de fechas.'
B14: AMBIGÜEDAD FUNCIONAL
B15: 6 | C15: Acción única y clara | D15: ¿La historia describe una sola capacidad? ¿Se evita el 'y/o' que oculta múltiples funciones? | E15: ✓ Cumple
B16: 7 | C16: Actor identificado | D16: ¿Está claro QUIÉN ejecuta la acción y quién se beneficia? | E16: ✓ Cumple
B17: 8 | C17: Comportamiento esperado | D17: ¿Se especifica el resultado observable de la acción (no solo la intención)? | E17: ✓ Cumple
B18: 9 | C18: Manejo de errores / excepciones | D18: ¿Se describen los caminos alternos y qué ocurre ante entradas inválidas? | E18: ✓ Cumple
B19: 10 | C19: Reglas de negocio explícitas | D19: ¿Las validaciones, cálculos y condiciones están declaradas y no supuestas? | E19: ✓ Cumple
B20: 11 | C20: Dependencias funcionales | D20: ¿Se identifican precondiciones o historias de las que depende? | E20: ✓ Cumple
B21: AMBIGÜEDAD TEMPORAL
B22: 12 | C22: Momento / disparador | D22: ¿Está claro CUÁNDO ocurre la acción (evento, condición o frecuencia)? | E22: ✓ Cumple
B23: 13 | C23: Orden y secuencia | D23: ¿Se define el orden de los pasos cuando importa la secuencia? | E23: ✓ Cumple
B24: 14 | C24: Plazos y tiempos de respuesta | D24: ¿Se cuantifican tiempos, timeouts, SLA o vigencias ('en X segundos', 'hasta las 23:59')? | E24: N/A
B25: 15 | C25: Estados y transiciones | D25: ¿Se describen los estados del objeto y las transiciones válidas entre ellos? | E25: N/A
B26: 16 | C26: Concurrencia / simultaneidad | D26: ¿Se contempla qué pasa si varios usuarios/procesos actúan a la vez? | E26: N/A
B27: AMBIGÜEDAD DE ALCANCE
B28: 17 | C28: Límites (in/out of scope) | D28: ¿Se declara explícitamente qué queda FUERA del alcance de la historia? | E28: ⚠ Revisar | F28: La historia no declara explícitamente qué queda fuera de su alcance. | G28: Agregar una sección 'Fuera de alcance' que indique explícitamente las funcionalidades excluidas.
B29: 18 | C29: Tamaño / granularidad (INVEST) | D29: ¿La historia es lo bastante pequeña para completarse en un sprint? ¿Es divisible? | E29: ✓ Cumple
B30: 19 | C30: Datos y volúmenes | D30: ¿Se acotan cantidades, límites de registros, formatos y rangos de datos? | E30: ⚠ Revisar | F30: No se acota el volumen máximo de eventos que la vista de historial debe soportar ni la paginación. | G30: Definir el límite de eventos por página y el comportamiento de paginación.
B31: 20 | C31: Roles y permisos afectados | D31: ¿Se delimita a qué perfiles/roles aplica y a cuáles no? | E31: ✓ Cumple
B32: 21 | C32: Plataformas / entornos | D32: ¿Se especifican dispositivos, navegadores, idiomas o entornos cubiertos? | E32: ⚠ Revisar | F32: No se especifican dispositivos, navegadores, resoluciones o idiomas soportados para esta funcionalidad. | G32: Definir explícitamente los entornos soportados (navegador de escritorio, resolución mínima, idioma único: español).
B33: 22 | C33: Criterios medibles / testables | D33: ¿Cada afirmación puede verificarse objetivamente con una prueba? | E33: ✓ Cumple
B35: Ítems 'No cumple' (críticos): | D35: =COUNTIF(E8:E33,"✗ No cumple") -> 1
B36: Ítems 'Revisar': | D36: =COUNTIF(E8:E33,"⚠ Revisar") -> 4
B37: VEREDICTO (Definition of Ready): | D37: =IF(D35>0,"RECHAZADA - corregir ambigüedades críticas",IF(D36>0,"APROBADA CON OBSERVACIONES - aclarar pendientes","APROBADA - lista para BDD")) -> RECHAZADA - corregir ambigüedades críticas

Sheet CHK-US-015
B2: CHECKLIST DE DETECCIÓN DE AMBIGÜEDADES EN USER STORIES
B3: ID de la User Story: | D3: US-015 | E3: Evaluador: | G3: Anthony Joel Romero Yaguana
B4: Historia (Como <rol>, quiero <objetivo>, para <beneficio>):
B5: Como integrante del Equipo de Calidad, quiero generar y descargar el Audit Trail de los casos en formato PDF o CSV, para cumplir con los requerimientos de auditorías regulatorias.
B7: # | C7: Aspecto a verificar | D7: Pregunta guía / criterio | E7: Estado | F7: Hallazgo detectado | G7: Reescritura sugerida
B8: AMBIGÜEDAD SEMÁNTICA
B9: 1 | C9: Términos vagos / subjetivos | D9: ¿Se evitan palabras como 'rápido', 'fácil', 'amigable', 'eficiente', 'intuitivo', 'óptimo' sin métrica? | E9: ✓ Cumple
B10: 2 | C10: Lenguaje ubicuo | D10: ¿Los términos del dominio están definidos en un glosario y se usan de forma consistente? | E10: ⚠ Revisar | F10: No se anexa un glosario formal de términos del dominio (caso, triaje, SLA, clasificación, confiabilidad, etc.); los términos se usan de forma consistente pero sin definición central. | G10: Anexar/referenciar un glosario de dominio compartido por todas las historias del backlog.
B11: 3 | C11: Sinónimos / homónimos | D11: ¿Un mismo concepto se nombra siempre igual? ¿Un término no tiene dos significados? | E11: ✓ Cumple
B12: 4 | C12: Pronombres sin referente | D12: ¿Se evita 'esto', 'eso', 'lo anterior' sin un sujeto claro? | E12: ✓ Cumple
B13: 5 | C13: Adjetivos cuantificables | D13: ¿Los calificativos ('grande', 'muchos', 'suficiente') se expresan con números o rangos? | E13: ✓ Cumple
B14: AMBIGÜEDAD FUNCIONAL
B15: 6 | C15: Acción única y clara | D15: ¿La historia describe una sola capacidad? ¿Se evita el 'y/o' que oculta múltiples funciones? | E15: ✓ Cumple
B16: 7 | C16: Actor identificado | D16: ¿Está claro QUIÉN ejecuta la acción y quién se beneficia? | E16: ✓ Cumple
B17: 8 | C17: Comportamiento esperado | D17: ¿Se especifica el resultado observable de la acción (no solo la intención)? | E17: ✓ Cumple
B18: 9 | C18: Manejo de errores / excepciones | D18: ¿Se describen los caminos alternos y qué ocurre ante entradas inválidas? | E18: ✓ Cumple
B19: 10 | C19: Reglas de negocio explícitas | D19: ¿Las validaciones, cálculos y condiciones están declaradas y no supuestas? | E19: ✓ Cumple
B20: 11 | C20: Dependencias funcionales | D20: ¿Se identifican precondiciones o historias de las que depende? | E20: ✓ Cumple
B21: AMBIGÜEDAD TEMPORAL
B22: 12 | C22: Momento / disparador | D22: ¿Está claro CUÁNDO ocurre la acción (evento, condición o frecuencia)? | E22: ✓ Cumple
B23: 13 | C23: Orden y secuencia | D23: ¿Se define el orden de los pasos cuando importa la secuencia? | E23: ✓ Cumple
B24: 14 | C24: Plazos y tiempos de respuesta | D24: ¿Se cuantifican tiempos, timeouts, SLA o vigencias ('en X segundos', 'hasta las 23:59')? | E24: ⚠ Revisar | F24: No se define un tiempo máximo de generación del archivo de auditoría; el riesgo solo menciona que 'un volumen alto puede afectar el tiempo'. | G24: Agregar un SLA explícito, por ejemplo: 'el archivo se genera en menos de X minutos para hasta Y eventos'.
B25: 15 | C25: Estados y transiciones | D25: ¿Se describen los estados del objeto y las transiciones válidas entre ellos? | E25: N/A
B26: 16 | C26: Concurrencia / simultaneidad | D26: ¿Se contempla qué pasa si varios usuarios/procesos actúan a la vez? | E26: N/A
B27: AMBIGÜEDAD DE ALCANCE
B28: 17 | C28: Límites (in/out of scope) | D28: ¿Se declara explícitamente qué queda FUERA del alcance de la historia? | E28: ⚠ Revisar | F28: La historia no declara explícitamente qué queda fuera de su alcance. | G28: Agregar una sección 'Fuera de alcance' que indique explícitamente las funcionalidades excluidas.
B29: 18 | C29: Tamaño / granularidad (INVEST) | D29: ¿La historia es lo bastante pequeña para completarse en un sprint? ¿Es divisible? | E29: ✓ Cumple
B30: 19 | C30: Datos y volúmenes | D30: ¿Se acotan cantidades, límites de registros, formatos y rangos de datos? | E30: ✓ Cumple
B31: 20 | C31: Roles y permisos afectados | D31: ¿Se delimita a qué perfiles/roles aplica y a cuáles no? | E31: ✓ Cumple
B32: 21 | C32: Plataformas / entornos | D32: ¿Se especifican dispositivos, navegadores, idiomas o entornos cubiertos? | E32: ⚠ Revisar | F32: No se especifican dispositivos, navegadores, resoluciones o idiomas soportados para esta funcionalidad. | G32: Definir explícitamente los entornos soportados (navegador de escritorio, resolución mínima, idioma único: español).
B33: 22 | C33: Criterios medibles / testables | D33: ¿Cada afirmación puede verificarse objetivamente con una prueba? | E33: ✓ Cumple
B35: Ítems 'No cumple' (críticos): | D35: =COUNTIF(E8:E33,"✗ No cumple") -> 0
B36: Ítems 'Revisar': | D36: =COUNTIF(E8:E33,"⚠ Revisar") -> 4
B37: VEREDICTO (Definition of Ready): | D37: =IF(D35>0,"RECHAZADA - corregir ambigüedades críticas",IF(D36>0,"APROBADA CON OBSERVACIONES - aclarar pendientes","APROBADA - lista para BDD")) -> APROBADA CON OBSERVACIONES - aclarar pendientes

Sheet CHK-US-016
B2: CHECKLIST DE DETECCIÓN DE AMBIGÜEDADES EN USER STORIES
B3: ID de la User Story: | D3: US-016 | E3: Evaluador: | G3: Anthony Joel Romero Yaguana
B4: Historia (Como <rol>, quiero <objetivo>, para <beneficio>):
B5: Como Administrador, quiero gestionar el ciclo de vida de los usuarios y la asignación de roles, para mantener el control de acceso alineado con la estructura del equipo.
B7: # | C7: Aspecto a verificar | D7: Pregunta guía / criterio | E7: Estado | F7: Hallazgo detectado | G7: Reescritura sugerida
B8: AMBIGÜEDAD SEMÁNTICA
B9: 1 | C9: Términos vagos / subjetivos | D9: ¿Se evitan palabras como 'rápido', 'fácil', 'amigable', 'eficiente', 'intuitivo', 'óptimo' sin métrica? | E9: ✓ Cumple
B10: 2 | C10: Lenguaje ubicuo | D10: ¿Los términos del dominio están definidos en un glosario y se usan de forma consistente? | E10: ⚠ Revisar | F10: No se anexa un glosario formal de términos del dominio (caso, triaje, SLA, clasificación, confiabilidad, etc.); los términos se usan de forma consistente pero sin definición central. | G10: Anexar/referenciar un glosario de dominio compartido por todas las historias del backlog.
B11: 3 | C11: Sinónimos / homónimos | D11: ¿Un mismo concepto se nombra siempre igual? ¿Un término no tiene dos significados? | E11: ✓ Cumple
B12: 4 | C12: Pronombres sin referente | D12: ¿Se evita 'esto', 'eso', 'lo anterior' sin un sujeto claro? | E12: ✓ Cumple
B13: 5 | C13: Adjetivos cuantificables | D13: ¿Los calificativos ('grande', 'muchos', 'suficiente') se expresan con números o rangos? | E13: ✓ Cumple
B14: AMBIGÜEDAD FUNCIONAL
B15: 6 | C15: Acción única y clara | D15: ¿La historia describe una sola capacidad? ¿Se evita el 'y/o' que oculta múltiples funciones? | E15: ⚠ Revisar | F15: La historia agrupa dos capacidades: gestión del ciclo de vida de usuarios y asignación de roles; podría dividirse. | G15: Evaluar separar en 'Gestión de usuarios' y 'Asignación de roles' si se requiere mayor granularidad.
B16: 7 | C16: Actor identificado | D16: ¿Está claro QUIÉN ejecuta la acción y quién se beneficia? | E16: ✓ Cumple
B17: 8 | C17: Comportamiento esperado | D17: ¿Se especifica el resultado observable de la acción (no solo la intención)? | E17: ✓ Cumple
B18: 9 | C18: Manejo de errores / excepciones | D18: ¿Se describen los caminos alternos y qué ocurre ante entradas inválidas? | E18: ⚠ Revisar | F18: No se describe qué ocurre ante datos inválidos al crear un usuario (p. ej. correo duplicado o rol inexistente). | G18: Agregar un escenario de error para creación de usuario con datos inválidos.
B19: 10 | C19: Reglas de negocio explícitas | D19: ¿Las validaciones, cálculos y condiciones están declaradas y no supuestas? | E19: ✓ Cumple
B20: 11 | C20: Dependencias funcionales | D20: ¿Se identifican precondiciones o historias de las que depende? | E20: ✓ Cumple
B21: AMBIGÜEDAD TEMPORAL
B22: 12 | C22: Momento / disparador | D22: ¿Está claro CUÁNDO ocurre la acción (evento, condición o frecuencia)? | E22: ✓ Cumple
B23: 13 | C23: Orden y secuencia | D23: ¿Se define el orden de los pasos cuando importa la secuencia? | E23: ✓ Cumple
B24: 14 | C24: Plazos y tiempos de respuesta | D24: ¿Se cuantifican tiempos, timeouts, SLA o vigencias ('en X segundos', 'hasta las 23:59')? | E24: N/A
B25: 15 | C25: Estados y transiciones | D25: ¿Se describen los estados del objeto y las transiciones válidas entre ellos? | E25: ✓ Cumple
B26: 16 | C26: Concurrencia / simultaneidad | D26: ¿Se contempla qué pasa si varios usuarios/procesos actúan a la vez? | E26: N/A
B27: AMBIGÜEDAD DE ALCANCE
B28: 17 | C28: Límites (in/out of scope) | D28: ¿Se declara explícitamente qué queda FUERA del alcance de la historia? | E28: ⚠ Revisar | F28: La historia no declara explícitamente qué queda fuera de su alcance. | G28: Agregar una sección 'Fuera de alcance' que indique explícitamente las funcionalidades excluidas.
B29: 18 | C29: Tamaño / granularidad (INVEST) | D29: ¿La historia es lo bastante pequeña para completarse en un sprint? ¿Es divisible? | E29: ✓ Cumple
B30: 19 | C30: Datos y volúmenes | D30: ¿Se acotan cantidades, límites de registros, formatos y rangos de datos? | E30: N/A
B31: 20 | C31: Roles y permisos afectados | D31: ¿Se delimita a qué perfiles/roles aplica y a cuáles no? | E31: ✓ Cumple
B32: 21 | C32: Plataformas / entornos | D32: ¿Se especifican dispositivos, navegadores, idiomas o entornos cubiertos? | E32: ⚠ Revisar | F32: No se especifican dispositivos, navegadores, resoluciones o idiomas soportados para esta funcionalidad. | G32: Definir explícitamente los entornos soportados (navegador de escritorio, resolución mínima, idioma único: español).
B33: 22 | C33: Criterios medibles / testables | D33: ¿Cada afirmación puede verificarse objetivamente con una prueba? | E33: ✓ Cumple
B35: Ítems 'No cumple' (críticos): | D35: =COUNTIF(E8:E33,"✗ No cumple") -> 0
B36: Ítems 'Revisar': | D36: =COUNTIF(E8:E33,"⚠ Revisar") -> 5
B37: VEREDICTO (Definition of Ready): | D37: =IF(D35>0,"RECHAZADA - corregir ambigüedades críticas",IF(D36>0,"APROBADA CON OBSERVACIONES - aclarar pendientes","APROBADA - lista para BDD")) -> APROBADA CON OBSERVACIONES - aclarar pendientes

Sheet CHK-US-018
B2: CHECKLIST DE DETECCIÓN DE AMBIGÜEDADES EN USER STORIES
B3: ID de la User Story: | D3: US-018 | E3: Evaluador: | G3: Anthony Joel Romero Yaguana
B4: Historia (Como <rol>, quiero <objetivo>, para <beneficio>):
B5: Como usuario del sistema, quiero autenticarme mediante inicio de sesión único (SSO) integrado con LDAP/AD, para acceder de forma segura únicamente a las funciones correspondientes a mi rol.
B7: # | C7: Aspecto a verificar | D7: Pregunta guía / criterio | E7: Estado | F7: Hallazgo detectado | G7: Reescritura sugerida
B8: AMBIGÜEDAD SEMÁNTICA
B9: 1 | C9: Términos vagos / subjetivos | D9: ¿Se evitan palabras como 'rápido', 'fácil', 'amigable', 'eficiente', 'intuitivo', 'óptimo' sin métrica? | E9: ✓ Cumple
B10: 2 | C10: Lenguaje ubicuo | D10: ¿Los términos del dominio están definidos en un glosario y se usan de forma consistente? | E10: ⚠ Revisar | F10: No se anexa un glosario formal de términos del dominio (caso, triaje, SLA, clasificación, confiabilidad, etc.); los términos se usan de forma consistente pero sin definición central. | G10: Anexar/referenciar un glosario de dominio compartido por todas las historias del backlog.
B11: 3 | C11: Sinónimos / homónimos | D11: ¿Un mismo concepto se nombra siempre igual? ¿Un término no tiene dos significados? | E11: ✓ Cumple
B12: 4 | C12: Pronombres sin referente | D12: ¿Se evita 'esto', 'eso', 'lo anterior' sin un sujeto claro? | E12: ✓ Cumple
B13: 5 | C13: Adjetivos cuantificables | D13: ¿Los calificativos ('grande', 'muchos', 'suficiente') se expresan con números o rangos? | E13: ✓ Cumple
B14: AMBIGÜEDAD FUNCIONAL
B15: 6 | C15: Acción única y clara | D15: ¿La historia describe una sola capacidad? ¿Se evita el 'y/o' que oculta múltiples funciones? | E15: ✓ Cumple
B16: 7 | C16: Actor identificado | D16: ¿Está claro QUIÉN ejecuta la acción y quién se beneficia? | E16: ✓ Cumple
B17: 8 | C17: Comportamiento esperado | D17: ¿Se especifica el resultado observable de la acción (no solo la intención)? | E17: ✓ Cumple
B18: 9 | C18: Manejo de errores / excepciones | D18: ¿Se describen los caminos alternos y qué ocurre ante entradas inválidas? | E18: ✓ Cumple
B19: 10 | C19: Reglas de negocio explícitas | D19: ¿Las validaciones, cálculos y condiciones están declaradas y no supuestas? | E19: ✓ Cumple
B20: 11 | C20: Dependencias funcionales | D20: ¿Se identifican precondiciones o historias de las que depende? | E20: ✓ Cumple
B21: AMBIGÜEDAD TEMPORAL
B22: 12 | C22: Momento / disparador | D22: ¿Está claro CUÁNDO ocurre la acción (evento, condición o frecuencia)? | E22: ✓ Cumple
B23: 13 | C23: Orden y secuencia | D23: ¿Se define el orden de los pasos cuando importa la secuencia? | E23: ✓ Cumple
B24: 14 | C24: Plazos y tiempos de respuesta | D24: ¿Se cuantifican tiempos, timeouts, SLA o vigencias ('en X segundos', 'hasta las 23:59')? | E24: N/A
B25: 15 | C25: Estados y transiciones | D25: ¿Se describen los estados del objeto y las transiciones válidas entre ellos? | E25: ✓ Cumple
B26: 16 | C26: Concurrencia / simultaneidad | D26: ¿Se contempla qué pasa si varios usuarios/procesos actúan a la vez? | E26: ⚠ Revisar | F26: No se define si un mismo usuario puede tener múltiples sesiones activas simultáneas. | G26: Aclarar la política de sesiones concurrentes por usuario.
B27: AMBIGÜEDAD DE ALCANCE
B28: 17 | C28: Límites (in/out of scope) | D28: ¿Se declara explícitamente qué queda FUERA del alcance de la historia? | E28: ⚠ Revisar | F28: La historia no declara explícitamente qué queda fuera de su alcance. | G28: Agregar una sección 'Fuera de alcance' que indique explícitamente las funcionalidades excluidas.
B29: 18 | C29: Tamaño / granularidad (INVEST) | D29: ¿La historia es lo bastante pequeña para completarse en un sprint? ¿Es divisible? | E29: ✓ Cumple
B30: 19 | C30: Datos y volúmenes | D30: ¿Se acotan cantidades, límites de registros, formatos y rangos de datos? | E30: N/A
B31: 20 | C31: Roles y permisos afectados | D31: ¿Se delimita a qué perfiles/roles aplica y a cuáles no? | E31: ✓ Cumple
B32: 21 | C32: Plataformas / entornos | D32: ¿Se especifican dispositivos, navegadores, idiomas o entornos cubiertos? | E32: ⚠ Revisar | F32: No se especifican dispositivos, navegadores, resoluciones o idiomas soportados para esta funcionalidad. | G32: Definir explícitamente los entornos soportados (navegador de escritorio, resolución mínima, idioma único: español).
B33: 22 | C33: Criterios medibles / testables | D33: ¿Cada afirmación puede verificarse objetivamente con una prueba? | E33: ✓ Cumple
B35: Ítems 'No cumple' (críticos): | D35: =COUNTIF(E8:E33,"✗ No cumple") -> 0
B36: Ítems 'Revisar': | D36: =COUNTIF(E8:E33,"⚠ Revisar") -> 4
B37: VEREDICTO (Definition of Ready): | D37: =IF(D35>0,"RECHAZADA - corregir ambigüedades críticas",IF(D36>0,"APROBADA CON OBSERVACIONES - aclarar pendientes","APROBADA - lista para BDD")) -> APROBADA CON OBSERVACIONES - aclarar pendientes

Sheet CHK-US-020
B2: CHECKLIST DE DETECCIÓN DE AMBIGÜEDADES EN USER STORIES
B3: ID de la User Story: | D3: US-020 | E3: Evaluador: | G3: Anthony Joel Romero Yaguana
B4: Historia (Como <rol>, quiero <objetivo>, para <beneficio>):
B5: Como Analista de Triaje, quiero revisar los documentos clínicos adjuntos de un caso mediante un visor integrado, para evaluar la información médica relevante sin descargar archivos fuera del sistema.
B7: # | C7: Aspecto a verificar | D7: Pregunta guía / criterio | E7: Estado | F7: Hallazgo detectado | G7: Reescritura sugerida
B8: AMBIGÜEDAD SEMÁNTICA
B9: 1 | C9: Términos vagos / subjetivos | D9: ¿Se evitan palabras como 'rápido', 'fácil', 'amigable', 'eficiente', 'intuitivo', 'óptimo' sin métrica? | E9: ✓ Cumple
B10: 2 | C10: Lenguaje ubicuo | D10: ¿Los términos del dominio están definidos en un glosario y se usan de forma consistente? | E10: ⚠ Revisar | F10: No se anexa un glosario formal de términos del dominio (caso, triaje, SLA, clasificación, confiabilidad, etc.); los términos se usan de forma consistente pero sin definición central. | G10: Anexar/referenciar un glosario de dominio compartido por todas las historias del backlog.
B11: 3 | C11: Sinónimos / homónimos | D11: ¿Un mismo concepto se nombra siempre igual? ¿Un término no tiene dos significados? | E11: ✓ Cumple
B12: 4 | C12: Pronombres sin referente | D12: ¿Se evita 'esto', 'eso', 'lo anterior' sin un sujeto claro? | E12: ✓ Cumple
B13: 5 | C13: Adjetivos cuantificables | D13: ¿Los calificativos ('grande', 'muchos', 'suficiente') se expresan con números o rangos? | E13: ✓ Cumple
B14: AMBIGÜEDAD FUNCIONAL
B15: 6 | C15: Acción única y clara | D15: ¿La historia describe una sola capacidad? ¿Se evita el 'y/o' que oculta múltiples funciones? | E15: ✓ Cumple
B16: 7 | C16: Actor identificado | D16: ¿Está claro QUIÉN ejecuta la acción y quién se beneficia? | E16: ✓ Cumple
B17: 8 | C17: Comportamiento esperado | D17: ¿Se especifica el resultado observable de la acción (no solo la intención)? | E17: ✓ Cumple
B18: 9 | C18: Manejo de errores / excepciones | D18: ¿Se describen los caminos alternos y qué ocurre ante entradas inválidas? | E18: ✓ Cumple
B19: 10 | C19: Reglas de negocio explícitas | D19: ¿Las validaciones, cálculos y condiciones están declaradas y no supuestas? | E19: ✓ Cumple
B20: 11 | C20: Dependencias funcionales | D20: ¿Se identifican precondiciones o historias de las que depende? | E20: ✓ Cumple
B21: AMBIGÜEDAD TEMPORAL
B22: 12 | C22: Momento / disparador | D22: ¿Está claro CUÁNDO ocurre la acción (evento, condición o frecuencia)? | E22: ✓ Cumple
B23: 13 | C23: Orden y secuencia | D23: ¿Se define el orden de los pasos cuando importa la secuencia? | E23: ✓ Cumple
B24: 14 | C24: Plazos y tiempos de respuesta | D24: ¿Se cuantifican tiempos, timeouts, SLA o vigencias ('en X segundos', 'hasta las 23:59')? | E24: N/A
B25: 15 | C25: Estados y transiciones | D25: ¿Se describen los estados del objeto y las transiciones válidas entre ellos? | E25: N/A
B26: 16 | C26: Concurrencia / simultaneidad | D26: ¿Se contempla qué pasa si varios usuarios/procesos actúan a la vez? | E26: N/A
B27: AMBIGÜEDAD DE ALCANCE
B28: 17 | C28: Límites (in/out of scope) | D28: ¿Se declara explícitamente qué queda FUERA del alcance de la historia? | E28: ✓ Cumple | F28: El formato DICOM se declara explícitamente fuera de alcance (fase 2).
B29: 18 | C29: Tamaño / granularidad (INVEST) | D29: ¿La historia es lo bastante pequeña para completarse en un sprint? ¿Es divisible? | E29: ✓ Cumple
B30: 19 | C30: Datos y volúmenes | D30: ¿Se acotan cantidades, límites de registros, formatos y rangos de datos? | E30: ✓ Cumple
B31: 20 | C31: Roles y permisos afectados | D31: ¿Se delimita a qué perfiles/roles aplica y a cuáles no? | E31: ✓ Cumple
B32: 21 | C32: Plataformas / entornos | D32: ¿Se especifican dispositivos, navegadores, idiomas o entornos cubiertos? | E32: ⚠ Revisar | F32: No se especifican dispositivos, navegadores, resoluciones o idiomas soportados para esta funcionalidad. | G32: Definir explícitamente los entornos soportados (navegador de escritorio, resolución mínima, idioma único: español).
B33: 22 | C33: Criterios medibles / testables | D33: ¿Cada afirmación puede verificarse objetivamente con una prueba? | E33: ✓ Cumple
B35: Ítems 'No cumple' (críticos): | D35: =COUNTIF(E8:E33,"✗ No cumple") -> 0
B36: Ítems 'Revisar': | D36: =COUNTIF(E8:E33,"⚠ Revisar") -> 2
B37: VEREDICTO (Definition of Ready): | D37: =IF(D35>0,"RECHAZADA - corregir ambigüedades críticas",IF(D36>0,"APROBADA CON OBSERVACIONES - aclarar pendientes","APROBADA - lista para BDD")) -> APROBADA CON OBSERVACIONES - aclarar pendientes

Sheet CHK-US-021
B2: CHECKLIST DE DETECCIÓN DE AMBIGÜEDADES EN USER STORIES
B3: ID de la User Story: | D3: US-021 | E3: Evaluador: | G3: Anthony Joel Romero Yaguana
B4: Historia (Como <rol>, quiero <objetivo>, para <beneficio>):
B5: Como Administrador, quiero actualizar las reglas internas de clasificación del sistema, para adaptar el triaje a cambios operativos sin depender de intervención técnica.
B7: # | C7: Aspecto a verificar | D7: Pregunta guía / criterio | E7: Estado | F7: Hallazgo detectado | G7: Reescritura sugerida
B8: AMBIGÜEDAD SEMÁNTICA
B9: 1 | C9: Términos vagos / subjetivos | D9: ¿Se evitan palabras como 'rápido', 'fácil', 'amigable', 'eficiente', 'intuitivo', 'óptimo' sin métrica? | E9: ✓ Cumple
B10: 2 | C10: Lenguaje ubicuo | D10: ¿Los términos del dominio están definidos en un glosario y se usan de forma consistente? | E10: ⚠ Revisar | F10: No se anexa un glosario formal de términos del dominio (caso, triaje, SLA, clasificación, confiabilidad, etc.); los términos se usan de forma consistente pero sin definición central. | G10: Anexar/referenciar un glosario de dominio compartido por todas las historias del backlog.
B11: 3 | C11: Sinónimos / homónimos | D11: ¿Un mismo concepto se nombra siempre igual? ¿Un término no tiene dos significados? | E11: ✓ Cumple
B12: 4 | C12: Pronombres sin referente | D12: ¿Se evita 'esto', 'eso', 'lo anterior' sin un sujeto claro? | E12: ✓ Cumple
B13: 5 | C13: Adjetivos cuantificables | D13: ¿Los calificativos ('grande', 'muchos', 'suficiente') se expresan con números o rangos? | E13: ✓ Cumple
B14: AMBIGÜEDAD FUNCIONAL
B15: 6 | C15: Acción única y clara | D15: ¿La historia describe una sola capacidad? ¿Se evita el 'y/o' que oculta múltiples funciones? | E15: ✓ Cumple
B16: 7 | C16: Actor identificado | D16: ¿Está claro QUIÉN ejecuta la acción y quién se beneficia? | E16: ✓ Cumple
B17: 8 | C17: Comportamiento esperado | D17: ¿Se especifica el resultado observable de la acción (no solo la intención)? | E17: ✓ Cumple
B18: 9 | C18: Manejo de errores / excepciones | D18: ¿Se describen los caminos alternos y qué ocurre ante entradas inválidas? | E18: ✓ Cumple
B19: 10 | C19: Reglas de negocio explícitas | D19: ¿Las validaciones, cálculos y condiciones están declaradas y no supuestas? | E19: ✓ Cumple
B20: 11 | C20: Dependencias funcionales | D20: ¿Se identifican precondiciones o historias de las que depende? | E20: ✓ Cumple
B21: AMBIGÜEDAD TEMPORAL
B22: 12 | C22: Momento / disparador | D22: ¿Está claro CUÁNDO ocurre la acción (evento, condición o frecuencia)? | E22: ✓ Cumple
B23: 13 | C23: Orden y secuencia | D23: ¿Se define el orden de los pasos cuando importa la secuencia? | E23: ✓ Cumple
B24: 14 | C24: Plazos y tiempos de respuesta | D24: ¿Se cuantifican tiempos, timeouts, SLA o vigencias ('en X segundos', 'hasta las 23:59')? | E24: N/A
B25: 15 | C25: Estados y transiciones | D25: ¿Se describen los estados del objeto y las transiciones válidas entre ellos? | E25: N/A
B26: 16 | C26: Concurrencia / simultaneidad | D26: ¿Se contempla qué pasa si varios usuarios/procesos actúan a la vez? | E26: ⚠ Revisar | F26: No se define qué ocurre si dos administradores modifican la misma regla interna simultáneamente. | G26: Agregar comportamiento ante edición concurrente de la misma regla.
B27: AMBIGÜEDAD DE ALCANCE
B28: 17 | C28: Límites (in/out of scope) | D28: ¿Se declara explícitamente qué queda FUERA del alcance de la historia? | E28: ✓ Cumple | F28: La historia delimita explícitamente su alcance: 'Aplica únicamente a reglas internas, no sujetas a aprobación regulatoria' (ese caso lo cubre US-022).
B29: 18 | C29: Tamaño / granularidad (INVEST) | D29: ¿La historia es lo bastante pequeña para completarse en un sprint? ¿Es divisible? | E29: ✓ Cumple
B30: 19 | C30: Datos y volúmenes | D30: ¿Se acotan cantidades, límites de registros, formatos y rangos de datos? | E30: N/A
B31: 20 | C31: Roles y permisos afectados | D31: ¿Se delimita a qué perfiles/roles aplica y a cuáles no? | E31: ✓ Cumple
B32: 21 | C32: Plataformas / entornos | D32: ¿Se especifican dispositivos, navegadores, idiomas o entornos cubiertos? | E32: ⚠ Revisar | F32: No se especifican dispositivos, navegadores, resoluciones o idiomas soportados para esta funcionalidad. | G32: Definir explícitamente los entornos soportados (navegador de escritorio, resolución mínima, idioma único: español).
B33: 22 | C33: Criterios medibles / testables | D33: ¿Cada afirmación puede verificarse objetivamente con una prueba? | E33: ✓ Cumple
B35: Ítems 'No cumple' (críticos): | D35: =COUNTIF(E8:E33,"✗ No cumple") -> 0
B36: Ítems 'Revisar': | D36: =COUNTIF(E8:E33,"⚠ Revisar") -> 3
B37: VEREDICTO (Definition of Ready): | D37: =IF(D35>0,"RECHAZADA - corregir ambigüedades críticas",IF(D36>0,"APROBADA CON OBSERVACIONES - aclarar pendientes","APROBADA - lista para BDD")) -> APROBADA CON OBSERVACIONES - aclarar pendientes

Sheet CHK-US-022
B2: CHECKLIST DE DETECCIÓN DE AMBIGÜEDADES EN USER STORIES
B3: ID de la User Story: | D3: US-022 | E3: Evaluador: | G3: Anthony Joel Romero Yaguana
B4: Historia (Como <rol>, quiero <objetivo>, para <beneficio>):
B5: Como Administrador, quiero que todo cambio en un SLA regulatorio quede pendiente de aprobación formal de Compliance antes de aplicarse, para garantizar el cumplimiento normativo.
B7: # | C7: Aspecto a verificar | D7: Pregunta guía / criterio | E7: Estado | F7: Hallazgo detectado | G7: Reescritura sugerida
B8: AMBIGÜEDAD SEMÁNTICA
B9: 1 | C9: Términos vagos / subjetivos | D9: ¿Se evitan palabras como 'rápido', 'fácil', 'amigable', 'eficiente', 'intuitivo', 'óptimo' sin métrica? | E9: ✓ Cumple
B10: 2 | C10: Lenguaje ubicuo | D10: ¿Los términos del dominio están definidos en un glosario y se usan de forma consistente? | E10: ⚠ Revisar | F10: No se anexa un glosario formal de términos del dominio (caso, triaje, SLA, clasificación, confiabilidad, etc.); los términos se usan de forma consistente pero sin definición central. | G10: Anexar/referenciar un glosario de dominio compartido por todas las historias del backlog.
B11: 3 | C11: Sinónimos / homónimos | D11: ¿Un mismo concepto se nombra siempre igual? ¿Un término no tiene dos significados? | E11: ✓ Cumple
B12: 4 | C12: Pronombres sin referente | D12: ¿Se evita 'esto', 'eso', 'lo anterior' sin un sujeto claro? | E12: ✓ Cumple
B13: 5 | C13: Adjetivos cuantificables | D13: ¿Los calificativos ('grande', 'muchos', 'suficiente') se expresan con números o rangos? | E13: ✓ Cumple
B14: AMBIGÜEDAD FUNCIONAL
B15: 6 | C15: Acción única y clara | D15: ¿La historia describe una sola capacidad? ¿Se evita el 'y/o' que oculta múltiples funciones? | E15: ✓ Cumple
B16: 7 | C16: Actor identificado | D16: ¿Está claro QUIÉN ejecuta la acción y quién se beneficia? | E16: ✓ Cumple
B17: 8 | C17: Comportamiento esperado | D17: ¿Se especifica el resultado observable de la acción (no solo la intención)? | E17: ✓ Cumple
B18: 9 | C18: Manejo de errores / excepciones | D18: ¿Se describen los caminos alternos y qué ocurre ante entradas inválidas? | E18: ✓ Cumple
B19: 10 | C19: Reglas de negocio explícitas | D19: ¿Las validaciones, cálculos y condiciones están declaradas y no supuestas? | E19: ✓ Cumple
B20: 11 | C20: Dependencias funcionales | D20: ¿Se identifican precondiciones o historias de las que depende? | E20: ✓ Cumple
B21: AMBIGÜEDAD TEMPORAL
B22: 12 | C22: Momento / disparador | D22: ¿Está claro CUÁNDO ocurre la acción (evento, condición o frecuencia)? | E22: ✓ Cumple
B23: 13 | C23: Orden y secuencia | D23: ¿Se define el orden de los pasos cuando importa la secuencia? | E23: ✓ Cumple
B24: 14 | C24: Plazos y tiempos de respuesta | D24: ¿Se cuantifican tiempos, timeouts, SLA o vigencias ('en X segundos', 'hasta las 23:59')? | E24: ⚠ Revisar | F24: No se define un plazo máximo para que Compliance apruebe o rechace el cambio de SLA regulatorio. | G24: Agregar un SLA de aprobación, por ejemplo: 'Compliance debe resolver en un máximo de X días hábiles.'
B25: 15 | C25: Estados y transiciones | D25: ¿Se describen los estados del objeto y las transiciones válidas entre ellos? | E25: ✓ Cumple | F25: La historia define estados explícitos: editado, 'Solo Lectura / Pendiente', aprobado y rechazado.
B26: 16 | C26: Concurrencia / simultaneidad | D26: ¿Se contempla qué pasa si varios usuarios/procesos actúan a la vez? | E26: ⚠ Revisar | F26: No se define qué ocurre si Compliance y el Administrador intentan modificar el mismo SLA a la vez. | G26: Aclarar el comportamiento ante edición concurrente durante la ventana de aprobación.
B27: AMBIGÜEDAD DE ALCANCE
B28: 17 | C28: Límites (in/out of scope) | D28: ¿Se declara explícitamente qué queda FUERA del alcance de la historia? | E28: ✓ Cumple | F28: El alcance está delimitado a SLAs regulatorios (complementario a US-021).
B29: 18 | C29: Tamaño / granularidad (INVEST) | D29: ¿La historia es lo bastante pequeña para completarse en un sprint? ¿Es divisible? | E29: ✓ Cumple
B30: 19 | C30: Datos y volúmenes | D30: ¿Se acotan cantidades, límites de registros, formatos y rangos de datos? | E30: N/A
B31: 20 | C31: Roles y permisos afectados | D31: ¿Se delimita a qué perfiles/roles aplica y a cuáles no? | E31: ✓ Cumple
B32: 21 | C32: Plataformas / entornos | D32: ¿Se especifican dispositivos, navegadores, idiomas o entornos cubiertos? | E32: ⚠ Revisar | F32: No se especifican dispositivos, navegadores, resoluciones o idiomas soportados para esta funcionalidad. | G32: Definir explícitamente los entornos soportados (navegador de escritorio, resolución mínima, idioma único: español).
B33: 22 | C33: Criterios medibles / testables | D33: ¿Cada afirmación puede verificarse objetivamente con una prueba? | E33: ✓ Cumple
B35: Ítems 'No cumple' (críticos): | D35: =COUNTIF(E8:E33,"✗ No cumple") -> 0
B36: Ítems 'Revisar': | D36: =COUNTIF(E8:E33,"⚠ Revisar") -> 4
B37: VEREDICTO (Definition of Ready): | D37: =IF(D35>0,"RECHAZADA - corregir ambigüedades críticas",IF(D36>0,"APROBADA CON OBSERVACIONES - aclarar pendientes","APROBADA - lista para BDD")) -> APROBADA CON OBSERVACIONES - aclarar pendientes

Sheet CHK-US-023
B2: CHECKLIST DE DETECCIÓN DE AMBIGÜEDADES EN USER STORIES
B3: ID de la User Story: | D3: US-023 | E3: Evaluador: | G3: Anthony Joel Romero Yaguana
B4: Historia (Como <rol>, quiero <objetivo>, para <beneficio>):
B5: Como Administrador, quiero consultar el historial de cambios realizados sobre reglas de clasificación y SLAs, para verificar quién modificó cada configuración y cuándo.
B7: # | C7: Aspecto a verificar | D7: Pregunta guía / criterio | E7: Estado | F7: Hallazgo detectado | G7: Reescritura sugerida
B8: AMBIGÜEDAD SEMÁNTICA
B9: 1 | C9: Términos vagos / subjetivos | D9: ¿Se evitan palabras como 'rápido', 'fácil', 'amigable', 'eficiente', 'intuitivo', 'óptimo' sin métrica? | E9: ✓ Cumple
B10: 2 | C10: Lenguaje ubicuo | D10: ¿Los términos del dominio están definidos en un glosario y se usan de forma consistente? | E10: ⚠ Revisar | F10: No se anexa un glosario formal de términos del dominio (caso, triaje, SLA, clasificación, confiabilidad, etc.); los términos se usan de forma consistente pero sin definición central. | G10: Anexar/referenciar un glosario de dominio compartido por todas las historias del backlog.
B11: 3 | C11: Sinónimos / homónimos | D11: ¿Un mismo concepto se nombra siempre igual? ¿Un término no tiene dos significados? | E11: ✓ Cumple
B12: 4 | C12: Pronombres sin referente | D12: ¿Se evita 'esto', 'eso', 'lo anterior' sin un sujeto claro? | E12: ✓ Cumple
B13: 5 | C13: Adjetivos cuantificables | D13: ¿Los calificativos ('grande', 'muchos', 'suficiente') se expresan con números o rangos? | E13: ✓ Cumple
B14: AMBIGÜEDAD FUNCIONAL
B15: 6 | C15: Acción única y clara | D15: ¿La historia describe una sola capacidad? ¿Se evita el 'y/o' que oculta múltiples funciones? | E15: ✓ Cumple
B16: 7 | C16: Actor identificado | D16: ¿Está claro QUIÉN ejecuta la acción y quién se beneficia? | E16: ✓ Cumple
B17: 8 | C17: Comportamiento esperado | D17: ¿Se especifica el resultado observable de la acción (no solo la intención)? | E17: ✓ Cumple
B18: 9 | C18: Manejo de errores / excepciones | D18: ¿Se describen los caminos alternos y qué ocurre ante entradas inválidas? | E18: ⚠ Revisar | F18: No se describe qué ocurre si no existen cambios registrados para el parámetro consultado. | G18: Agregar: 'Dado que no existen cambios registrados para el parámetro, entonces el sistema muestra un mensaje indicando que no hay historial disponible.'
B19: 10 | C19: Reglas de negocio explícitas | D19: ¿Las validaciones, cálculos y condiciones están declaradas y no supuestas? | E19: ✓ Cumple
B20: 11 | C20: Dependencias funcionales | D20: ¿Se identifican precondiciones o historias de las que depende? | E20: ✓ Cumple
B21: AMBIGÜEDAD TEMPORAL
B22: 12 | C22: Momento / disparador | D22: ¿Está claro CUÁNDO ocurre la acción (evento, condición o frecuencia)? | E22: ✓ Cumple
B23: 13 | C23: Orden y secuencia | D23: ¿Se define el orden de los pasos cuando importa la secuencia? | E23: ✓ Cumple
B24: 14 | C24: Plazos y tiempos de respuesta | D24: ¿Se cuantifican tiempos, timeouts, SLA o vigencias ('en X segundos', 'hasta las 23:59')? | E24: N/A
B25: 15 | C25: Estados y transiciones | D25: ¿Se describen los estados del objeto y las transiciones válidas entre ellos? | E25: N/A
B26: 16 | C26: Concurrencia / simultaneidad | D26: ¿Se contempla qué pasa si varios usuarios/procesos actúan a la vez? | E26: N/A
B27: AMBIGÜEDAD DE ALCANCE
B28: 17 | C28: Límites (in/out of scope) | D28: ¿Se declara explícitamente qué queda FUERA del alcance de la historia? | E28: ⚠ Revisar | F28: La historia no declara explícitamente qué queda fuera de su alcance. | G28: Agregar una sección 'Fuera de alcance' que indique explícitamente las funcionalidades excluidas.
B29: 18 | C29: Tamaño / granularidad (INVEST) | D29: ¿La historia es lo bastante pequeña para completarse en un sprint? ¿Es divisible? | E29: ✓ Cumple
B30: 19 | C30: Datos y volúmenes | D30: ¿Se acotan cantidades, límites de registros, formatos y rangos de datos? | E30: ⚠ Revisar | F30: No se acota el volumen de cambios mostrados ni el comportamiento de paginación del historial. | G30: Definir el límite de registros por página y el comportamiento de paginación.
B31: 20 | C31: Roles y permisos afectados | D31: ¿Se delimita a qué perfiles/roles aplica y a cuáles no? | E31: ✓ Cumple
B32: 21 | C32: Plataformas / entornos | D32: ¿Se especifican dispositivos, navegadores, idiomas o entornos cubiertos? | E32: ⚠ Revisar | F32: No se especifican dispositivos, navegadores, resoluciones o idiomas soportados para esta funcionalidad. | G32: Definir explícitamente los entornos soportados (navegador de escritorio, resolución mínima, idioma único: español).
B33: 22 | C33: Criterios medibles / testables | D33: ¿Cada afirmación puede verificarse objetivamente con una prueba? | E33: ✓ Cumple
B35: Ítems 'No cumple' (críticos): | D35: =COUNTIF(E8:E33,"✗ No cumple") -> 0
B36: Ítems 'Revisar': | D36: =COUNTIF(E8:E33,"⚠ Revisar") -> 5
B37: VEREDICTO (Definition of Ready): | D37: =IF(D35>0,"RECHAZADA - corregir ambigüedades críticas",IF(D36>0,"APROBADA CON OBSERVACIONES - aclarar pendientes","APROBADA - lista para BDD")) -> APROBADA CON OBSERVACIONES - aclarar pendientes

Sheet CHK-US-024
B2: CHECKLIST DE DETECCIÓN DE AMBIGÜEDADES EN USER STORIES
B3: ID de la User Story: | D3: US-024 | E3: Evaluador: | G3: Anthony Joel Romero Yaguana
B4: Historia (Como <rol>, quiero <objetivo>, para <beneficio>):
B5: Como Analista de Triaje, quiero que el sistema obtenga automáticamente la información de póliza y afiliado del sistema central, para contar con esos datos sin buscarlos manualmente.
B7: # | C7: Aspecto a verificar | D7: Pregunta guía / criterio | E7: Estado | F7: Hallazgo detectado | G7: Reescritura sugerida
B8: AMBIGÜEDAD SEMÁNTICA
B9: 1 | C9: Términos vagos / subjetivos | D9: ¿Se evitan palabras como 'rápido', 'fácil', 'amigable', 'eficiente', 'intuitivo', 'óptimo' sin métrica? | E9: ✓ Cumple
B10: 2 | C10: Lenguaje ubicuo | D10: ¿Los términos del dominio están definidos en un glosario y se usan de forma consistente? | E10: ⚠ Revisar | F10: No se anexa un glosario formal de términos del dominio (caso, triaje, SLA, clasificación, confiabilidad, etc.); los términos se usan de forma consistente pero sin definición central. | G10: Anexar/referenciar un glosario de dominio compartido por todas las historias del backlog.
B11: 3 | C11: Sinónimos / homónimos | D11: ¿Un mismo concepto se nombra siempre igual? ¿Un término no tiene dos significados? | E11: ✓ Cumple
B12: 4 | C12: Pronombres sin referente | D12: ¿Se evita 'esto', 'eso', 'lo anterior' sin un sujeto claro? | E12: ✓ Cumple
B13: 5 | C13: Adjetivos cuantificables | D13: ¿Los calificativos ('grande', 'muchos', 'suficiente') se expresan con números o rangos? | E13: ✓ Cumple
B14: AMBIGÜEDAD FUNCIONAL
B15: 6 | C15: Acción única y clara | D15: ¿La historia describe una sola capacidad? ¿Se evita el 'y/o' que oculta múltiples funciones? | E15: ✓ Cumple
B16: 7 | C16: Actor identificado | D16: ¿Está claro QUIÉN ejecuta la acción y quién se beneficia? | E16: ✓ Cumple
B17: 8 | C17: Comportamiento esperado | D17: ¿Se especifica el resultado observable de la acción (no solo la intención)? | E17: ✓ Cumple
B18: 9 | C18: Manejo de errores / excepciones | D18: ¿Se describen los caminos alternos y qué ocurre ante entradas inválidas? | E18: ✓ Cumple
B19: 10 | C19: Reglas de negocio explícitas | D19: ¿Las validaciones, cálculos y condiciones están declaradas y no supuestas? | E19: ✓ Cumple
B20: 11 | C20: Dependencias funcionales | D20: ¿Se identifican precondiciones o historias de las que depende? | E20: ✓ Cumple
B21: AMBIGÜEDAD TEMPORAL
B22: 12 | C22: Momento / disparador | D22: ¿Está claro CUÁNDO ocurre la acción (evento, condición o frecuencia)? | E22: ✓ Cumple
B23: 13 | C23: Orden y secuencia | D23: ¿Se define el orden de los pasos cuando importa la secuencia? | E23: ✓ Cumple
B24: 14 | C24: Plazos y tiempos de respuesta | D24: ¿Se cuantifican tiempos, timeouts, SLA o vigencias ('en X segundos', 'hasta las 23:59')? | E24: ⚠ Revisar | F24: El plazo se referencia como 'el tiempo máximo definido para ese sistema' sin indicar el valor; el timeout concreto (5 segundos) solo aparece en la Épica EP-10. | G24: Referenciar explícitamente el valor o el documento de configuración de timeouts (EP-10) desde la propia historia.
B25: 15 | C25: Estados y transiciones | D25: ¿Se describen los estados del objeto y las transiciones válidas entre ellos? | E25: N/A
B26: 16 | C26: Concurrencia / simultaneidad | D26: ¿Se contempla qué pasa si varios usuarios/procesos actúan a la vez? | E26: N/A
B27: AMBIGÜEDAD DE ALCANCE
B28: 17 | C28: Límites (in/out of scope) | D28: ¿Se declara explícitamente qué queda FUERA del alcance de la historia? | E28: ⚠ Revisar | F28: La historia no declara explícitamente qué queda fuera de su alcance. | G28: Agregar una sección 'Fuera de alcance' que indique explícitamente las funcionalidades excluidas.
B29: 18 | C29: Tamaño / granularidad (INVEST) | D29: ¿La historia es lo bastante pequeña para completarse en un sprint? ¿Es divisible? | E29: ✓ Cumple
B30: 19 | C30: Datos y volúmenes | D30: ¿Se acotan cantidades, límites de registros, formatos y rangos de datos? | E30: N/A
B31: 20 | C31: Roles y permisos afectados | D31: ¿Se delimita a qué perfiles/roles aplica y a cuáles no? | E31: ✓ Cumple
B32: 21 | C32: Plataformas / entornos | D32: ¿Se especifican dispositivos, navegadores, idiomas o entornos cubiertos? | E32: ⚠ Revisar | F32: No se especifican dispositivos, navegadores, resoluciones o idiomas soportados para esta funcionalidad. | G32: Definir explícitamente los entornos soportados (navegador de escritorio, resolución mínima, idioma único: español).
B33: 22 | C33: Criterios medibles / testables | D33: ¿Cada afirmación puede verificarse objetivamente con una prueba? | E33: ✓ Cumple
B35: Ítems 'No cumple' (críticos): | D35: =COUNTIF(E8:E33,"✗ No cumple") -> 0
B36: Ítems 'Revisar': | D36: =COUNTIF(E8:E33,"⚠ Revisar") -> 4
B37: VEREDICTO (Definition of Ready): | D37: =IF(D35>0,"RECHAZADA - corregir ambigüedades críticas",IF(D36>0,"APROBADA CON OBSERVACIONES - aclarar pendientes","APROBADA - lista para BDD")) -> APROBADA CON OBSERVACIONES - aclarar pendientes

Sheet CHK-US-025
B2: CHECKLIST DE DETECCIÓN DE AMBIGÜEDADES EN USER STORIES
B3: ID de la User Story: | D3: US-025 | E3: Evaluador: | G3: Anthony Joel Romero Yaguana
B4: Historia (Como <rol>, quiero <objetivo>, para <beneficio>):
B5: Como Analista de Triaje, quiero que el sistema obtenga automáticamente el historial clínico relevante del afiliado, para evaluar el caso con información médica completa.
B7: # | C7: Aspecto a verificar | D7: Pregunta guía / criterio | E7: Estado | F7: Hallazgo detectado | G7: Reescritura sugerida
B8: AMBIGÜEDAD SEMÁNTICA
B9: 1 | C9: Términos vagos / subjetivos | D9: ¿Se evitan palabras como 'rápido', 'fácil', 'amigable', 'eficiente', 'intuitivo', 'óptimo' sin métrica? | E9: ✓ Cumple
B10: 2 | C10: Lenguaje ubicuo | D10: ¿Los términos del dominio están definidos en un glosario y se usan de forma consistente? | E10: ⚠ Revisar | F10: No se anexa un glosario formal de términos del dominio (caso, triaje, SLA, clasificación, confiabilidad, etc.); los términos se usan de forma consistente pero sin definición central. | G10: Anexar/referenciar un glosario de dominio compartido por todas las historias del backlog.
B11: 3 | C11: Sinónimos / homónimos | D11: ¿Un mismo concepto se nombra siempre igual? ¿Un término no tiene dos significados? | E11: ✓ Cumple
B12: 4 | C12: Pronombres sin referente | D12: ¿Se evita 'esto', 'eso', 'lo anterior' sin un sujeto claro? | E12: ✓ Cumple
B13: 5 | C13: Adjetivos cuantificables | D13: ¿Los calificativos ('grande', 'muchos', 'suficiente') se expresan con números o rangos? | E13: ✓ Cumple
B14: AMBIGÜEDAD FUNCIONAL
B15: 6 | C15: Acción única y clara | D15: ¿La historia describe una sola capacidad? ¿Se evita el 'y/o' que oculta múltiples funciones? | E15: ✓ Cumple
B16: 7 | C16: Actor identificado | D16: ¿Está claro QUIÉN ejecuta la acción y quién se beneficia? | E16: ✓ Cumple
B17: 8 | C17: Comportamiento esperado | D17: ¿Se especifica el resultado observable de la acción (no solo la intención)? | E17: ✓ Cumple
B18: 9 | C18: Manejo de errores / excepciones | D18: ¿Se describen los caminos alternos y qué ocurre ante entradas inválidas? | E18: ✓ Cumple
B19: 10 | C19: Reglas de negocio explícitas | D19: ¿Las validaciones, cálculos y condiciones están declaradas y no supuestas? | E19: ✓ Cumple
B20: 11 | C20: Dependencias funcionales | D20: ¿Se identifican precondiciones o historias de las que depende? | E20: ✓ Cumple
B21: AMBIGÜEDAD TEMPORAL
B22: 12 | C22: Momento / disparador | D22: ¿Está claro CUÁNDO ocurre la acción (evento, condición o frecuencia)? | E22: ✓ Cumple
B23: 13 | C23: Orden y secuencia | D23: ¿Se define el orden de los pasos cuando importa la secuencia? | E23: ✓ Cumple
B24: 14 | C24: Plazos y tiempos de respuesta | D24: ¿Se cuantifican tiempos, timeouts, SLA o vigencias ('en X segundos', 'hasta las 23:59')? | E24: ⚠ Revisar | F24: El plazo se referencia como 'el tiempo máximo definido para ese sistema' sin indicar el valor; el timeout concreto (8 segundos) solo aparece en la Épica EP-10. | G24: Referenciar explícitamente el valor o el documento de configuración de timeouts (EP-10) desde la propia historia.
B25: 15 | C25: Estados y transiciones | D25: ¿Se describen los estados del objeto y las transiciones válidas entre ellos? | E25: N/A
B26: 16 | C26: Concurrencia / simultaneidad | D26: ¿Se contempla qué pasa si varios usuarios/procesos actúan a la vez? | E26: N/A
B27: AMBIGÜEDAD DE ALCANCE
B28: 17 | C28: Límites (in/out of scope) | D28: ¿Se declara explícitamente qué queda FUERA del alcance de la historia? | E28: ⚠ Revisar | F28: La historia no declara explícitamente qué queda fuera de su alcance. | G28: Agregar una sección 'Fuera de alcance' que indique explícitamente las funcionalidades excluidas.
B29: 18 | C29: Tamaño / granularidad (INVEST) | D29: ¿La historia es lo bastante pequeña para completarse en un sprint? ¿Es divisible? | E29: ✓ Cumple
B30: 19 | C30: Datos y volúmenes | D30: ¿Se acotan cantidades, límites de registros, formatos y rangos de datos? | E30: N/A
B31: 20 | C31: Roles y permisos afectados | D31: ¿Se delimita a qué perfiles/roles aplica y a cuáles no? | E31: ✓ Cumple
B32: 21 | C32: Plataformas / entornos | D32: ¿Se especifican dispositivos, navegadores, idiomas o entornos cubiertos? | E32: ⚠ Revisar | F32: No se especifican dispositivos, navegadores, resoluciones o idiomas soportados para esta funcionalidad. | G32: Definir explícitamente los entornos soportados (navegador de escritorio, resolución mínima, idioma único: español).
B33: 22 | C33: Criterios medibles / testables | D33: ¿Cada afirmación puede verificarse objetivamente con una prueba? | E33: ✓ Cumple
B35: Ítems 'No cumple' (críticos): | D35: =COUNTIF(E8:E33,"✗ No cumple") -> 0
B36: Ítems 'Revisar': | D36: =COUNTIF(E8:E33,"⚠ Revisar") -> 4
B37: VEREDICTO (Definition of Ready): | D37: =IF(D35>0,"RECHAZADA - corregir ambigüedades críticas",IF(D36>0,"APROBADA CON OBSERVACIONES - aclarar pendientes","APROBADA - lista para BDD")) -> APROBADA CON OBSERVACIONES - aclarar pendientes

Sheet CHK-US-026
B2: CHECKLIST DE DETECCIÓN DE AMBIGÜEDADES EN USER STORIES
B3: ID de la User Story: | D3: US-026 | E3: Evaluador: | G3: Anthony Joel Romero Yaguana
B4: Historia (Como <rol>, quiero <objetivo>, para <beneficio>):
B5: Como Analista de Triaje, quiero que el sistema recupere automáticamente los correos relevantes asociados al caso, para no tener que buscarlos manualmente en el correo corporativo.
B7: # | C7: Aspecto a verificar | D7: Pregunta guía / criterio | E7: Estado | F7: Hallazgo detectado | G7: Reescritura sugerida
B8: AMBIGÜEDAD SEMÁNTICA
B9: 1 | C9: Términos vagos / subjetivos | D9: ¿Se evitan palabras como 'rápido', 'fácil', 'amigable', 'eficiente', 'intuitivo', 'óptimo' sin métrica? | E9: ✓ Cumple
B10: 2 | C10: Lenguaje ubicuo | D10: ¿Los términos del dominio están definidos en un glosario y se usan de forma consistente? | E10: ⚠ Revisar | F10: No se anexa un glosario formal de términos del dominio (caso, triaje, SLA, clasificación, confiabilidad, etc.); los términos se usan de forma consistente pero sin definición central. | G10: Anexar/referenciar un glosario de dominio compartido por todas las historias del backlog.
B11: 3 | C11: Sinónimos / homónimos | D11: ¿Un mismo concepto se nombra siempre igual? ¿Un término no tiene dos significados? | E11: ✓ Cumple
B12: 4 | C12: Pronombres sin referente | D12: ¿Se evita 'esto', 'eso', 'lo anterior' sin un sujeto claro? | E12: ✓ Cumple
B13: 5 | C13: Adjetivos cuantificables | D13: ¿Los calificativos ('grande', 'muchos', 'suficiente') se expresan con números o rangos? | E13: ✓ Cumple
B14: AMBIGÜEDAD FUNCIONAL
B15: 6 | C15: Acción única y clara | D15: ¿La historia describe una sola capacidad? ¿Se evita el 'y/o' que oculta múltiples funciones? | E15: ✓ Cumple
B16: 7 | C16: Actor identificado | D16: ¿Está claro QUIÉN ejecuta la acción y quién se beneficia? | E16: ✓ Cumple
B17: 8 | C17: Comportamiento esperado | D17: ¿Se especifica el resultado observable de la acción (no solo la intención)? | E17: ✓ Cumple
B18: 9 | C18: Manejo de errores / excepciones | D18: ¿Se describen los caminos alternos y qué ocurre ante entradas inválidas? | E18: ✓ Cumple
B19: 10 | C19: Reglas de negocio explícitas | D19: ¿Las validaciones, cálculos y condiciones están declaradas y no supuestas? | E19: ✓ Cumple
B20: 11 | C20: Dependencias funcionales | D20: ¿Se identifican precondiciones o historias de las que depende? | E20: ✓ Cumple
B21: AMBIGÜEDAD TEMPORAL
B22: 12 | C22: Momento / disparador | D22: ¿Está claro CUÁNDO ocurre la acción (evento, condición o frecuencia)? | E22: ✓ Cumple
B23: 13 | C23: Orden y secuencia | D23: ¿Se define el orden de los pasos cuando importa la secuencia? | E23: ✓ Cumple
B24: 14 | C24: Plazos y tiempos de respuesta | D24: ¿Se cuantifican tiempos, timeouts, SLA o vigencias ('en X segundos', 'hasta las 23:59')? | E24: ⚠ Revisar | F24: El plazo se referencia como 'el tiempo máximo definido para ese sistema' sin indicar el valor; el timeout concreto (10 segundos) solo aparece en la Épica EP-10. | G24: Referenciar explícitamente el valor o el documento de configuración de timeouts (EP-10) desde la propia historia.
B25: 15 | C25: Estados y transiciones | D25: ¿Se describen los estados del objeto y las transiciones válidas entre ellos? | E25: N/A
B26: 16 | C26: Concurrencia / simultaneidad | D26: ¿Se contempla qué pasa si varios usuarios/procesos actúan a la vez? | E26: N/A
B27: AMBIGÜEDAD DE ALCANCE
B28: 17 | C28: Límites (in/out of scope) | D28: ¿Se declara explícitamente qué queda FUERA del alcance de la historia? | E28: ⚠ Revisar | F28: La historia no declara explícitamente qué queda fuera de su alcance. | G28: Agregar una sección 'Fuera de alcance' que indique explícitamente las funcionalidades excluidas.
B29: 18 | C29: Tamaño / granularidad (INVEST) | D29: ¿La historia es lo bastante pequeña para completarse en un sprint? ¿Es divisible? | E29: ✓ Cumple
B30: 19 | C30: Datos y volúmenes | D30: ¿Se acotan cantidades, límites de registros, formatos y rangos de datos? | E30: N/A
B31: 20 | C31: Roles y permisos afectados | D31: ¿Se delimita a qué perfiles/roles aplica y a cuáles no? | E31: ✓ Cumple
B32: 21 | C32: Plataformas / entornos | D32: ¿Se especifican dispositivos, navegadores, idiomas o entornos cubiertos? | E32: ⚠ Revisar | F32: No se especifican dispositivos, navegadores, resoluciones o idiomas soportados para esta funcionalidad. | G32: Definir explícitamente los entornos soportados (navegador de escritorio, resolución mínima, idioma único: español).
B33: 22 | C33: Criterios medibles / testables | D33: ¿Cada afirmación puede verificarse objetivamente con una prueba? | E33: ✓ Cumple
B35: Ítems 'No cumple' (críticos): | D35: =COUNTIF(E8:E33,"✗ No cumple") -> 0
B36: Ítems 'Revisar': | D36: =COUNTIF(E8:E33,"⚠ Revisar") -> 4
B37: VEREDICTO (Definition of Ready): | D37: =IF(D35>0,"RECHAZADA - corregir ambigüedades críticas",IF(D36>0,"APROBADA CON OBSERVACIONES - aclarar pendientes","APROBADA - lista para BDD")) -> APROBADA CON OBSERVACIONES - aclarar pendientes

Sheet CHK-US-027
B2: CHECKLIST DE DETECCIÓN DE AMBIGÜEDADES EN USER STORIES
B3: ID de la User Story: | D3: US-027 | E3: Evaluador: | G3: Anthony Joel Romero Yaguana
B4: Historia (Como <rol>, quiero <objetivo>, para <beneficio>):
B5: Como Analista de Triaje, quiero visualizar un expediente único que consolide la información de póliza, historial clínico y correspondencia obtenida automáticamente, para contar con el panorama completo del caso sin navegar múltiples plataformas.
B7: # | C7: Aspecto a verificar | D7: Pregunta guía / criterio | E7: Estado | F7: Hallazgo detectado | G7: Reescritura sugerida
B8: AMBIGÜEDAD SEMÁNTICA
B9: 1 | C9: Términos vagos / subjetivos | D9: ¿Se evitan palabras como 'rápido', 'fácil', 'amigable', 'eficiente', 'intuitivo', 'óptimo' sin métrica? | E9: ✓ Cumple
B10: 2 | C10: Lenguaje ubicuo | D10: ¿Los términos del dominio están definidos en un glosario y se usan de forma consistente? | E10: ⚠ Revisar | F10: No se anexa un glosario formal de términos del dominio (caso, triaje, SLA, clasificación, confiabilidad, etc.); los términos se usan de forma consistente pero sin definición central. | G10: Anexar/referenciar un glosario de dominio compartido por todas las historias del backlog.
B11: 3 | C11: Sinónimos / homónimos | D11: ¿Un mismo concepto se nombra siempre igual? ¿Un término no tiene dos significados? | E11: ✓ Cumple
B12: 4 | C12: Pronombres sin referente | D12: ¿Se evita 'esto', 'eso', 'lo anterior' sin un sujeto claro? | E12: ✓ Cumple
B13: 5 | C13: Adjetivos cuantificables | D13: ¿Los calificativos ('grande', 'muchos', 'suficiente') se expresan con números o rangos? | E13: ✓ Cumple
B14: AMBIGÜEDAD FUNCIONAL
B15: 6 | C15: Acción única y clara | D15: ¿La historia describe una sola capacidad? ¿Se evita el 'y/o' que oculta múltiples funciones? | E15: ✓ Cumple
B16: 7 | C16: Actor identificado | D16: ¿Está claro QUIÉN ejecuta la acción y quién se beneficia? | E16: ✓ Cumple
B17: 8 | C17: Comportamiento esperado | D17: ¿Se especifica el resultado observable de la acción (no solo la intención)? | E17: ✓ Cumple
B18: 9 | C18: Manejo de errores / excepciones | D18: ¿Se describen los caminos alternos y qué ocurre ante entradas inválidas? | E18: ✓ Cumple
B19: 10 | C19: Reglas de negocio explícitas | D19: ¿Las validaciones, cálculos y condiciones están declaradas y no supuestas? | E19: ✓ Cumple
B20: 11 | C20: Dependencias funcionales | D20: ¿Se identifican precondiciones o historias de las que depende? | E20: ✓ Cumple
B21: AMBIGÜEDAD TEMPORAL
B22: 12 | C22: Momento / disparador | D22: ¿Está claro CUÁNDO ocurre la acción (evento, condición o frecuencia)? | E22: ✓ Cumple
B23: 13 | C23: Orden y secuencia | D23: ¿Se define el orden de los pasos cuando importa la secuencia? | E23: ✓ Cumple
B24: 14 | C24: Plazos y tiempos de respuesta | D24: ¿Se cuantifican tiempos, timeouts, SLA o vigencias ('en X segundos', 'hasta las 23:59')? | E24: N/A
B25: 15 | C25: Estados y transiciones | D25: ¿Se describen los estados del objeto y las transiciones válidas entre ellos? | E25: N/A
B26: 16 | C26: Concurrencia / simultaneidad | D26: ¿Se contempla qué pasa si varios usuarios/procesos actúan a la vez? | E26: N/A
B27: AMBIGÜEDAD DE ALCANCE
B28: 17 | C28: Límites (in/out of scope) | D28: ¿Se declara explícitamente qué queda FUERA del alcance de la historia? | E28: ⚠ Revisar | F28: La historia no declara explícitamente qué queda fuera de su alcance. | G28: Agregar una sección 'Fuera de alcance' que indique explícitamente las funcionalidades excluidas.
B29: 18 | C29: Tamaño / granularidad (INVEST) | D29: ¿La historia es lo bastante pequeña para completarse en un sprint? ¿Es divisible? | E29: ✓ Cumple
B30: 19 | C30: Datos y volúmenes | D30: ¿Se acotan cantidades, límites de registros, formatos y rangos de datos? | E30: N/A
B31: 20 | C31: Roles y permisos afectados | D31: ¿Se delimita a qué perfiles/roles aplica y a cuáles no? | E31: ✓ Cumple
B32: 21 | C32: Plataformas / entornos | D32: ¿Se especifican dispositivos, navegadores, idiomas o entornos cubiertos? | E32: ⚠ Revisar | F32: No se especifican dispositivos, navegadores, resoluciones o idiomas soportados para esta funcionalidad. | G32: Definir explícitamente los entornos soportados (navegador de escritorio, resolución mínima, idioma único: español).
B33: 22 | C33: Criterios medibles / testables | D33: ¿Cada afirmación puede verificarse objetivamente con una prueba? | E33: ✓ Cumple
B35: Ítems 'No cumple' (críticos): | D35: =COUNTIF(E8:E33,"✗ No cumple") -> 0
B36: Ítems 'Revisar': | D36: =COUNTIF(E8:E33,"⚠ Revisar") -> 3
B37: VEREDICTO (Definition of Ready): | D37: =IF(D35>0,"RECHAZADA - corregir ambigüedades críticas",IF(D36>0,"APROBADA CON OBSERVACIONES - aclarar pendientes","APROBADA - lista para BDD")) -> APROBADA CON OBSERVACIONES - aclarar pendientes

Sheet CHK-US-017-HIST
B2: CHECKLIST DE DETECCIÓN DE AMBIGÜEDADES EN USER STORIES
B3: ID de la User Story: | D3: US-017 | E3: Evaluador: | G3: Anthony Joel Romero Yaguana
B4: ⚠ HISTORIA DESCARTADA — dividida en US-021, US-022 y US-023 (EP-08). Esta evaluación se conserva únicamente como referencia histórica del backlog; no representa una historia activa para desarrollo.
B5: Como Administrador, quiero actualizar las reglas de clasificación y los SLAs del sistema sin intervenir el código fuente, para adaptar el triaje a cambios operativos o regulatorios de forma ágil.
B7: # | C7: Aspecto a verificar | D7: Pregunta guía / criterio | E7: Estado | F7: Hallazgo detectado | G7: Reescritura sugerida
B8: AMBIGÜEDAD SEMÁNTICA
B9: 1 | C9: Términos vagos / subjetivos | D9: ¿Se evitan palabras como 'rápido', 'fácil', 'amigable', 'eficiente', 'intuitivo', 'óptimo' sin métrica? | E9: ✓ Cumple
B10: 2 | C10: Lenguaje ubicuo | D10: ¿Los términos del dominio están definidos en un glosario y se usan de forma consistente? | E10: ⚠ Revisar | F10: No se anexa un glosario formal de términos del dominio (caso, triaje, SLA, clasificación, confiabilidad, etc.); los términos se usan de forma consistente pero sin definición central. | G10: Anexar/referenciar un glosario de dominio compartido por todas las historias del backlog.
B11: 3 | C11: Sinónimos / homónimos | D11: ¿Un mismo concepto se nombra siempre igual? ¿Un término no tiene dos significados? | E11: ✓ Cumple
B12: 4 | C12: Pronombres sin referente | D12: ¿Se evita 'esto', 'eso', 'lo anterior' sin un sujeto claro? | E12: ✓ Cumple
B13: 5 | C13: Adjetivos cuantificables | D13: ¿Los calificativos ('grande', 'muchos', 'suficiente') se expresan con números o rangos? | E13: ✓ Cumple
B14: AMBIGÜEDAD FUNCIONAL
B15: 6 | C15: Acción única y clara | D15: ¿La historia describe una sola capacidad? ¿Se evita el 'y/o' que oculta múltiples funciones? | E15: ⚠ Revisar | F15: La historia agrupa reglas de clasificación y SLAs, que son dos tipos de configuración con flujos de aprobación distintos. | G15: Evaluar dividir en 'Configuración de reglas de clasificación' y 'Configuración de SLAs regulatorios'.
B16: 7 | C16: Actor identificado | D16: ¿Está claro QUIÉN ejecuta la acción y quién se beneficia? | E16: ✓ Cumple
B17: 8 | C17: Comportamiento esperado | D17: ¿Se especifica el resultado observable de la acción (no solo la intención)? | E17: ✓ Cumple
B18: 9 | C18: Manejo de errores / excepciones | D18: ¿Se describen los caminos alternos y qué ocurre ante entradas inválidas? | E18: ✓ Cumple
B19: 10 | C19: Reglas de negocio explícitas | D19: ¿Las validaciones, cálculos y condiciones están declaradas y no supuestas? | E19: ✓ Cumple
B20: 11 | C20: Dependencias funcionales | D20: ¿Se identifican precondiciones o historias de las que depende? | E20: ✓ Cumple
B21: AMBIGÜEDAD TEMPORAL
B22: 12 | C22: Momento / disparador | D22: ¿Está claro CUÁNDO ocurre la acción (evento, condición o frecuencia)? | E22: ✓ Cumple
B23: 13 | C23: Orden y secuencia | D23: ¿Se define el orden de los pasos cuando importa la secuencia? | E23: ✓ Cumple
B24: 14 | C24: Plazos y tiempos de respuesta | D24: ¿Se cuantifican tiempos, timeouts, SLA o vigencias ('en X segundos', 'hasta las 23:59')? | E24: N/A
B25: 15 | C25: Estados y transiciones | D25: ¿Se describen los estados del objeto y las transiciones válidas entre ellos? | E25: N/A
B26: 16 | C26: Concurrencia / simultaneidad | D26: ¿Se contempla qué pasa si varios usuarios/procesos actúan a la vez? | E26: ⚠ Revisar | F26: No se define qué ocurre si dos administradores modifican la misma regla simultáneamente. | G26: Agregar comportamiento ante edición concurrente de configuración.
B27: AMBIGÜEDAD DE ALCANCE
B28: 17 | C28: Límites (in/out of scope) | D28: ¿Se declara explícitamente qué queda FUERA del alcance de la historia? | E28: ⚠ Revisar | F28: La historia no declara explícitamente qué queda fuera de su alcance. | G28: Agregar una sección 'Fuera de alcance' que indique explícitamente las funcionalidades excluidas.
B29: 18 | C29: Tamaño / granularidad (INVEST) | D29: ¿La historia es lo bastante pequeña para completarse en un sprint? ¿Es divisible? | E29: ⚠ Revisar | F29: Estimación de 8 puntos: evaluar si la historia es divisible según el punto anterior. | G29: Considerar dividir en historias más pequeñas.
B30: 19 | C30: Datos y volúmenes | D30: ¿Se acotan cantidades, límites de registros, formatos y rangos de datos? | E30: N/A
B31: 20 | C31: Roles y permisos afectados | D31: ¿Se delimita a qué perfiles/roles aplica y a cuáles no? | E31: ✓ Cumple
B32: 21 | C32: Plataformas / entornos | D32: ¿Se especifican dispositivos, navegadores, idiomas o entornos cubiertos? | E32: ⚠ Revisar | F32: No se especifican dispositivos, navegadores, resoluciones o idiomas soportados para esta funcionalidad. | G32: Definir explícitamente los entornos soportados (navegador de escritorio, resolución mínima, idioma único: español).
B33: 22 | C33: Criterios medibles / testables | D33: ¿Cada afirmación puede verificarse objetivamente con una prueba? | E33: ✓ Cumple
B35: Ítems 'No cumple' (críticos): | D35: =COUNTIF(E8:E33,"✗ No cumple") -> 0
B36: Ítems 'Revisar': | D36: =COUNTIF(E8:E33,"⚠ Revisar") -> 6
B37: VEREDICTO (Definition of Ready): | D37: =IF(D35>0,"RECHAZADA - corregir ambigüedades críticas",IF(D36>0,"APROBADA CON OBSERVACIONES - aclarar pendientes","APROBADA - lista para BDD")) -> APROBADA CON OBSERVACIONES - aclarar pendientes

Sheet CHK-US-019-HIST
B2: CHECKLIST DE DETECCIÓN DE AMBIGÜEDADES EN USER STORIES
B3: ID de la User Story: | D3: US-019 | E3: Evaluador: | G3: Anthony Joel Romero Yaguana
B4: ⚠ HISTORIA DESCARTADA — dividida en US-024, US-025, US-026 y US-027 (EP-10). Esta evaluación se conserva únicamente como referencia histórica del backlog; no representa una historia activa para desarrollo.
B5: Como Analista de Triaje, quiero que el sistema consolide automáticamente la información de afiliados, pólizas e historial clínico desde los sistemas externos, para contar con el expediente completo del caso sin navegar múltiples plataformas.
B7: # | C7: Aspecto a verificar | D7: Pregunta guía / criterio | E7: Estado | F7: Hallazgo detectado | G7: Reescritura sugerida
B8: AMBIGÜEDAD SEMÁNTICA
B9: 1 | C9: Términos vagos / subjetivos | D9: ¿Se evitan palabras como 'rápido', 'fácil', 'amigable', 'eficiente', 'intuitivo', 'óptimo' sin métrica? | E9: ✓ Cumple
B10: 2 | C10: Lenguaje ubicuo | D10: ¿Los términos del dominio están definidos en un glosario y se usan de forma consistente? | E10: ⚠ Revisar | F10: No se anexa un glosario formal de términos del dominio (caso, triaje, SLA, clasificación, confiabilidad, etc.); los términos se usan de forma consistente pero sin definición central. | G10: Anexar/referenciar un glosario de dominio compartido por todas las historias del backlog.
B11: 3 | C11: Sinónimos / homónimos | D11: ¿Un mismo concepto se nombra siempre igual? ¿Un término no tiene dos significados? | E11: ✓ Cumple
B12: 4 | C12: Pronombres sin referente | D12: ¿Se evita 'esto', 'eso', 'lo anterior' sin un sujeto claro? | E12: ✓ Cumple
B13: 5 | C13: Adjetivos cuantificables | D13: ¿Los calificativos ('grande', 'muchos', 'suficiente') se expresan con números o rangos? | E13: ✓ Cumple
B14: AMBIGÜEDAD FUNCIONAL
B15: 6 | C15: Acción única y clara | D15: ¿La historia describe una sola capacidad? ¿Se evita el 'y/o' que oculta múltiples funciones? | E15: ✓ Cumple
B16: 7 | C16: Actor identificado | D16: ¿Está claro QUIÉN ejecuta la acción y quién se beneficia? | E16: ✓ Cumple
B17: 8 | C17: Comportamiento esperado | D17: ¿Se especifica el resultado observable de la acción (no solo la intención)? | E17: ✓ Cumple
B18: 9 | C18: Manejo de errores / excepciones | D18: ¿Se describen los caminos alternos y qué ocurre ante entradas inválidas? | E18: ✓ Cumple
B19: 10 | C19: Reglas de negocio explícitas | D19: ¿Las validaciones, cálculos y condiciones están declaradas y no supuestas? | E19: ✓ Cumple
B20: 11 | C20: Dependencias funcionales | D20: ¿Se identifican precondiciones o historias de las que depende? | E20: ✓ Cumple
B21: AMBIGÜEDAD TEMPORAL
B22: 12 | C22: Momento / disparador | D22: ¿Está claro CUÁNDO ocurre la acción (evento, condición o frecuencia)? | E22: ✓ Cumple
B23: 13 | C23: Orden y secuencia | D23: ¿Se define el orden de los pasos cuando importa la secuencia? | E23: ✓ Cumple
B24: 14 | C24: Plazos y tiempos de respuesta | D24: ¿Se cuantifican tiempos, timeouts, SLA o vigencias ('en X segundos', 'hasta las 23:59')? | E24: ✓ Cumple
B25: 15 | C25: Estados y transiciones | D25: ¿Se describen los estados del objeto y las transiciones válidas entre ellos? | E25: N/A
B26: 16 | C26: Concurrencia / simultaneidad | D26: ¿Se contempla qué pasa si varios usuarios/procesos actúan a la vez? | E26: N/A
B27: AMBIGÜEDAD DE ALCANCE
B28: 17 | C28: Límites (in/out of scope) | D28: ¿Se declara explícitamente qué queda FUERA del alcance de la historia? | E28: ⚠ Revisar | F28: La historia no declara explícitamente qué queda fuera de su alcance. | G28: Agregar una sección 'Fuera de alcance' que indique explícitamente las funcionalidades excluidas.
B29: 18 | C29: Tamaño / granularidad (INVEST) | D29: ¿La historia es lo bastante pequeña para completarse en un sprint? ¿Es divisible? | E29: ⚠ Revisar | F29: Estimación de 8 puntos: evaluar si la historia es divisible por sistema externo (Core Pólizas, EHR, correo). | G29: Considerar dividir en una historia por integración si el equipo lo requiere.
B30: 19 | C30: Datos y volúmenes | D30: ¿Se acotan cantidades, límites de registros, formatos y rangos de datos? | E30: ⚠ Revisar | F30: No se acota el volumen de casos que pueden consolidarse simultáneamente ni el comportamiento ante saturación de las integraciones. | G30: Definir el volumen máximo soportado en paralelo por el Worker de Integración.
B31: 20 | C31: Roles y permisos afectados | D31: ¿Se delimita a qué perfiles/roles aplica y a cuáles no? | E31: ✓ Cumple
B32: 21 | C32: Plataformas / entornos | D32: ¿Se especifican dispositivos, navegadores, idiomas o entornos cubiertos? | E32: ⚠ Revisar | F32: No se especifican dispositivos, navegadores, resoluciones o idiomas soportados para esta funcionalidad. | G32: Definir explícitamente los entornos soportados (navegador de escritorio, resolución mínima, idioma único: español).
B33: 22 | C33: Criterios medibles / testables | D33: ¿Cada afirmación puede verificarse objetivamente con una prueba? | E33: ✓ Cumple
B35: Ítems 'No cumple' (críticos): | D35: =COUNTIF(E8:E33,"✗ No cumple") -> 0
B36: Ítems 'Revisar': | D36: =COUNTIF(E8:E33,"⚠ Revisar") -> 5
B37: VEREDICTO (Definition of Ready): | D37: =IF(D35>0,"RECHAZADA - corregir ambigüedades críticas",IF(D36>0,"APROBADA CON OBSERVACIONES - aclarar pendientes","APROBADA - lista para BDD")) -> APROBADA CON OBSERVACIONES - aclarar pendientes

Sheet Registro de Validación
B2: REGISTRO DE VALIDACIÓN DEL BACKLOG
B4: TABLERO
B5: Historias registradas | D5: Aprobadas | F5: Con observaciones | H5: Rechazadas
B6: =COUNTA(C12:C41) -> 25 | D6: =COUNTIF(H12:H41,"Aprobada") -> 0 | F6: =COUNTIF(H12:H41,"Aprobada con observaciones") -> 24 | H6: =COUNTIF(H12:H41,"Rechazada") -> 1
B8: % Backlog listo (Definition of Ready): | E8: =IF(B6=0,0,D6/B6) -> 0
I9: Nota: US-017 y US-019 fueron divididas en el backlog vigente (ver EP-08 y EP-10); sus evaluaciones históricas se conservan en las pestañas CHK-US-017-HIST y CHK-US-019-HIST, fuera del conteo de este tablero.
B11: ID | C11: User Story (Como… quiero… para…) | D11: Prioridad | E11: Ambig. críticas | F11: ¿Tiene BDD? | G11: Escenarios | H11: Veredicto | I11: Observaciones / acción
B12: US-001 | C12: Como Analista de Triaje, quiero registrar un nuevo caso de Apelación, Queja o Reclamación consolidando automáticamente los datos disponibles, para iniciar su gestión con información completa desde el primer momento. | D12: Alta | E12: ='CHK-US-001'!D35 -> 0 | F12: Sí | G12: 3 | H12: =IF('CHK-US-001'!D35>0,"Rechazada",IF('CHK-US-001'!D36>0,"Aprobada con observaciones","Aprobada")) -> Aprobada con observaciones | I12: Ver observaciones (glosario, alcance y entornos soportados) en la pestaña CHK-US-001.
B13: US-002 | C13: Como Analista de Triaje, quiero localizar y filtrar los casos A&G según mis permisos, para ubicar rápidamente el caso que necesito atender. | D13: Media | E13: ='CHK-US-002'!D35 -> 0 | F13: Sí | G13: 3 | H13: =IF('CHK-US-002'!D35>0,"Rechazada",IF('CHK-US-002'!D36>0,"Aprobada con observaciones","Aprobada")) -> Aprobada con observaciones | I13: Ver observaciones (glosario, alcance y entornos soportados) en la pestaña CHK-US-002.
B14: US-003 | C14: Como Analista de Triaje, quiero actualizar o corregir la información de un caso en estado editable, para mantener los datos precisos durante su gestión. | D14: Media | E14: ='CHK-US-003'!D35 -> 0 | F14: Sí | G14: 3 | H14: =IF('CHK-US-003'!D35>0,"Rechazada",IF('CHK-US-003'!D36>0,"Aprobada con observaciones","Aprobada")) -> Aprobada con observaciones | I14: Ver observaciones (glosario, alcance y entornos soportados) en la pestaña CHK-US-003.
B15: US-004 | C15: Como Analista de Triaje, quiero que el sistema clasifique automáticamente el caso registrado asignando categoría, subcategoría, prioridad y nivel de confiabilidad, para agilizar la categorización inicial sin depender únicamente del criterio manual. | D15: Alta | E15: ='CHK-US-004'!D35 -> 0 | F15: Sí | G15: 3 | H15: =IF('CHK-US-004'!D35>0,"Rechazada",IF('CHK-US-004'!D36>0,"Aprobada con observaciones","Aprobada")) -> Aprobada con observaciones | I15: Referenciar explícitamente el umbral configurado hacia la épica correspondiente. Ver CHK-US-004.
B16: US-005 | C16: Como Analista de Triaje, quiero validar o corregir la clasificación automática del caso, para asegurar que la categorización final sea correcta antes de continuar con el proceso. | D16: Alta | E16: ='CHK-US-005'!D35 -> 0 | F16: Sí | G16: 3 | H16: =IF('CHK-US-005'!D35>0,"Rechazada",IF('CHK-US-005'!D36>0,"Aprobada con observaciones","Aprobada")) -> Aprobada con observaciones | I16: Ver observaciones (glosario, alcance y entornos soportados) en la pestaña CHK-US-005.
B17: US-006 | C17: Como Analista de Triaje, quiero registrar de forma auditable el fundamento de mis decisiones de triaje, para sostener la trazabilidad exigida en auditorías regulatorias. | D17: Media | E17: ='CHK-US-006'!D35 -> 0 | F17: Sí | G17: 3 | H17: =IF('CHK-US-006'!D35>0,"Rechazada",IF('CHK-US-006'!D36>0,"Aprobada con observaciones","Aprobada")) -> Aprobada con observaciones | I17: Ver observaciones (glosario, alcance y entornos soportados) en la pestaña CHK-US-006.
B18: US-007 | C18: Como Analista de Triaje, quiero que el sistema detecte automáticamente casos duplicados o relacionados al registrar un nuevo caso, para evitar atención redundante y mantener consistencia en el seguimiento. | D18: Alta | E18: ='CHK-US-007'!D35 -> 0 | F18: Sí | G18: 3 | H18: =IF('CHK-US-007'!D35>0,"Rechazada",IF('CHK-US-007'!D36>0,"Aprobada con observaciones","Aprobada")) -> Aprobada con observaciones | I18: Referenciar explícitamente el umbral configurado hacia la épica correspondiente. Ver CHK-US-007.
B19: US-008 | C19: Como Analista de Triaje, quiero derivar un caso ya clasificado al área o especialista responsable, para que continúe su proceso de resolución. | D19: Alta | E19: ='CHK-US-008'!D35 -> 0 | F19: Sí | G19: 3 | H19: =IF('CHK-US-008'!D35>0,"Rechazada",IF('CHK-US-008'!D36>0,"Aprobada con observaciones","Aprobada")) -> Aprobada con observaciones | I19: Ver observaciones (glosario, alcance y entornos soportados) en la pestaña CHK-US-008.
B20: US-009 | C20: Como Supervisor Operativo, quiero cambiar el responsable asignado a un caso A&G activo registrando el motivo del cambio, para asegurar la continuidad de su gestión con respaldo auditable. | D20: Media | E20: ='CHK-US-009'!D35 -> 0 | F20: Sí | G20: 4 | H20: =IF('CHK-US-009'!D35>0,"Rechazada",IF('CHK-US-009'!D36>0,"Aprobada con observaciones","Aprobada")) -> Aprobada con observaciones | I20: Ver observaciones (glosario, alcance y entornos soportados) en la pestaña CHK-US-009.
B21: US-010 | C21: Como Supervisor Operativo, quiero visualizar el estado actual de los casos A&G, para dar seguimiento oportuno a la operación sin acceder a múltiples sistemas. | D21: Alta | E21: ='CHK-US-010'!D35 -> 0 | F21: Sí | G21: 3 | H21: =IF('CHK-US-010'!D35>0,"Rechazada",IF('CHK-US-010'!D36>0,"Aprobada con observaciones","Aprobada")) -> Aprobada con observaciones | I21: Ver observaciones (glosario, alcance y entornos soportados) en la pestaña CHK-US-010.
B22: US-011 | C22: Como Supervisor Operativo, quiero acceder a un tablero consolidado con indicadores operativos y alertas de SLA, para tener visibilidad global del desempeño del equipo de triaje. | D22: Media | E22: ='CHK-US-011'!D35 -> 0 | F22: Sí | G22: 3 | H22: =IF('CHK-US-011'!D35>0,"Rechazada",IF('CHK-US-011'!D36>0,"Aprobada con observaciones","Aprobada")) -> Aprobada con observaciones | I22: Ver observaciones (glosario, alcance y entornos soportados) en la pestaña CHK-US-011.
B23: US-012 | C23: Como Supervisor Operativo, quiero revisar y gestionar las alertas de casos próximos a vencer su SLA, para actuar antes de que se produzca un incumplimiento. | D23: Alta | E23: ='CHK-US-012'!D35 -> 0 | F23: Sí | G23: 3 | H23: =IF('CHK-US-012'!D35>0,"Rechazada",IF('CHK-US-012'!D36>0,"Aprobada con observaciones","Aprobada")) -> Aprobada con observaciones | I23: Ver observaciones (glosario, alcance y entornos soportados) en la pestaña CHK-US-012.
B24: US-013 | C24: Como Analista de Triaje, quiero colocar un caso en espera por una dependencia externa y vigilar su SLA, para evitar perder el control del caso mientras se resuelve la dependencia. | D24: Media | E24: ='CHK-US-013'!D35 -> 0 | F24: Sí | G24: 3 | H24: =IF('CHK-US-013'!D35>0,"Rechazada",IF('CHK-US-013'!D36>0,"Aprobada con observaciones","Aprobada")) -> Aprobada con observaciones | I24: Ver observaciones (glosario, alcance y entornos soportados) en la pestaña CHK-US-013.
B25: US-014 | C25: Como integrante del Equipo de Calidad, quiero consultar el historial cronológico e inmutable de las acciones sobre un caso, para verificar el cumplimiento del proceso de triaje. | D25: Media | E25: ='CHK-US-014'!D35 -> 1 | F25: Sí | G25: 3 | H25: =IF('CHK-US-014'!D35>0,"Rechazada",IF('CHK-US-014'!D36>0,"Aprobada con observaciones","Aprobada")) -> Rechazada | I25: Corregir el criterio de 'gran volumen de eventos' (cuantificar umbral) antes de pasar a codificación.
B26: US-015 | C26: Como integrante del Equipo de Calidad, quiero generar y descargar el Audit Trail de los casos en formato PDF o CSV, para cumplir con los requerimientos de auditorías regulatorias. | D26: Media | E26: ='CHK-US-015'!D35 -> 0 | F26: Sí | G26: 3 | H26: =IF('CHK-US-015'!D35>0,"Rechazada",IF('CHK-US-015'!D36>0,"Aprobada con observaciones","Aprobada")) -> Aprobada con observaciones | I26: Ver observaciones (glosario, alcance y entornos soportados) en la pestaña CHK-US-015.
B27: US-016 | C27: Como Administrador, quiero gestionar el ciclo de vida de los usuarios y la asignación de roles, para mantener el control de acceso alineado con la estructura del equipo. | D27: Media | E27: ='CHK-US-016'!D35 -> 0 | F27: Sí | G27: 3 | H27: =IF('CHK-US-016'!D35>0,"Rechazada",IF('CHK-US-016'!D36>0,"Aprobada con observaciones","Aprobada")) -> Aprobada con observaciones | I27: Ver observaciones (glosario, alcance y entornos soportados) en la pestaña CHK-US-016.
B28: US-018 | C28: Como usuario del sistema, quiero autenticarme mediante inicio de sesión único (SSO) con mi cuenta corporativa, para acceder de forma segura únicamente a las funciones correspondientes a mi rol. | D28: Alta | E28: ='CHK-US-018'!D35 -> 0 | F28: Sí | G28: 3 | H28: =IF('CHK-US-018'!D35>0,"Rechazada",IF('CHK-US-018'!D36>0,"Aprobada con observaciones","Aprobada")) -> Aprobada con observaciones | I28: Ver observaciones (glosario, alcance y entornos soportados) en la pestaña CHK-US-018.
B29: US-020 | C29: Como Analista de Triaje, quiero revisar los documentos clínicos adjuntos de un caso mediante un visor integrado, para evaluar la información médica relevante sin descargar archivos fuera del sistema. | D29: Media | E29: ='CHK-US-020'!D35 -> 0 | F29: Sí | G29: 3 | H29: =IF('CHK-US-020'!D35>0,"Rechazada",IF('CHK-US-020'!D36>0,"Aprobada con observaciones","Aprobada")) -> Aprobada con observaciones | I29: Ver observaciones (glosario, alcance y entornos soportados) en la pestaña CHK-US-020.
B30: US-021 | C30: Como Administrador, quiero actualizar las reglas internas de clasificación del sistema, para adaptar el triaje a cambios operativos sin depender de intervención técnica. | D30: Media | E30: ='CHK-US-021'!D35 -> 0 | F30: Sí | G30: 2 | H30: =IF('CHK-US-021'!D35>0,"Rechazada",IF('CHK-US-021'!D36>0,"Aprobada con observaciones","Aprobada")) -> Aprobada con observaciones | I30: Ver observaciones (glosario, alcance y entornos soportados) en la pestaña CHK-US-021.
B31: US-022 | C31: Como Administrador, quiero que todo cambio en un SLA regulatorio quede pendiente de aprobación formal de Compliance antes de aplicarse, para garantizar el cumplimiento normativo. | D31: Alta | E31: ='CHK-US-022'!D35 -> 0 | F31: Sí | G31: 3 | H31: =IF('CHK-US-022'!D35>0,"Rechazada",IF('CHK-US-022'!D36>0,"Aprobada con observaciones","Aprobada")) -> Aprobada con observaciones | I31: Ver observaciones (glosario, alcance y entornos soportados) en la pestaña CHK-US-022.
B32: US-023 | C32: Como Administrador, quiero consultar el historial de cambios realizados sobre reglas de clasificación y SLAs, para verificar quién modificó cada configuración y cuándo. | D32: Media | E32: ='CHK-US-023'!D35 -> 0 | F32: Sí | G32: 2 | H32: =IF('CHK-US-023'!D35>0,"Rechazada",IF('CHK-US-023'!D36>0,"Aprobada con observaciones","Aprobada")) -> Aprobada con observaciones | I32: Ver observaciones (glosario, alcance y entornos soportados) en la pestaña CHK-US-023.
B33: US-024 | C33: Como Analista de Triaje, quiero que el sistema obtenga automáticamente la información de póliza y afiliado del sistema central, para contar con esos datos sin buscarlos manualmente. | D33: Alta | E33: ='CHK-US-024'!D35 -> 0 | F33: Sí | G33: 2 | H33: =IF('CHK-US-024'!D35>0,"Rechazada",IF('CHK-US-024'!D36>0,"Aprobada con observaciones","Aprobada")) -> Aprobada con observaciones | I33: Ver observaciones (glosario, alcance y entornos soportados) en la pestaña CHK-US-024.
B34: US-025 | C34: Como Analista de Triaje, quiero que el sistema obtenga automáticamente el historial clínico relevante del afiliado, para evaluar el caso con información médica completa. | D34: Alta | E34: ='CHK-US-025'!D35 -> 0 | F34: Sí | G34: 2 | H34: =IF('CHK-US-025'!D35>0,"Rechazada",IF('CHK-US-025'!D36>0,"Aprobada con observaciones","Aprobada")) -> Aprobada con observaciones | I34: Ver observaciones (glosario, alcance y entornos soportados) en la pestaña CHK-US-025.
B35: US-026 | C35: Como Analista de Triaje, quiero que el sistema recupere automáticamente los correos relevantes asociados al caso, para no tener que buscarlos manualmente en el correo corporativo. | D35: Media | E35: ='CHK-US-026'!D35 -> 0 | F35: Sí | G35: 2 | H35: =IF('CHK-US-026'!D35>0,"Rechazada",IF('CHK-US-026'!D36>0,"Aprobada con observaciones","Aprobada")) -> Aprobada con observaciones | I35: Ver observaciones (glosario, alcance y entornos soportados) en la pestaña CHK-US-026.
B36: US-027 | C36: Como Analista de Triaje, quiero visualizar un expediente único que consolide la información de póliza, historial clínico y correspondencia obtenida automáticamente, para contar con el panorama completo del caso sin navegar múltiples plataformas. | D36: Alta | E36: ='CHK-US-027'!D35 -> 0 | F36: Sí | G36: 2 | H36: =IF('CHK-US-027'!D35>0,"Rechazada",IF('CHK-US-027'!D36>0,"Aprobada con observaciones","Aprobada")) -> Aprobada con observaciones | I36: Ver observaciones (glosario, alcance y entornos soportados) en la pestaña CHK-US-027.
